"Item Key","Session","Item Number","Content Group","Student N","Local Facility","Local Corrected Item-Rest Correlation","Vendor/PDF Difficulty","Vendor/PDF Point-Biserial","Facility Difference vs PDF","Difficulty Flag","Discrimination Flag","Exact Reuse Count","Automated Review Note","Stem / Scenario","Options / Response Set","Correct Answer"
"2026-01-Q3-Q01","Jan 2026",1,"Suicide/safety",14,0.875,0.000528471811329652,0.4,0.13,0.475,"Moderate","Very low",1,"Very low local item-rest relationship","A community health nurse is providing an educational class about suicide prevention. Which risk factor(s) for suicide should the nurse include in the education? Select all that apply.","A. Having a mental health disorder B. Being married C. Being male D. Having a family history of suicide E. Use of illegal drugs","A,C,D,E"
"2026-01-Q3-Q02","Jan 2026",2,"Suicide/safety",14,0.928571428571429,-0.211447428397996,0.96,0.12,-0.0314285714285714,"Very easy","Negative",2,"Negative local item-rest relationship: review key, wording, and distractors; Very easy item; Exact stem reused 2 times","A nurse in a pediatric unit is working with an adolescent client with a history of depression. Which assessment finding indicates the client may be suicidal?","A. The client gives away a DVD and cherished autographed picture B. The client runs out of a therapy group swearing at the group leader C. The client becomes angry when speaking on the telephone and hangs up abruptly D. The client gets angry with their roommate for borrowing their items without asking","A"
"2026-01-Q3-Q03","Jan 2026",3,"Bipolar/mania",14,0.785714232409382,-0.403776335479835,0.66,0.21,0.125714232409382,"Moderate","Negative",1,"Negative local item-rest relationship: review key, wording, and distractors","A nurse is caring for a client with bipolar disorder. Which action(s) by the client should the nurse interpret as manic behavior? Select all that apply.","A. Talking in rapid, continuous speech B. Interacting with others in a flirtatious way C. Spending large sums of money D. Sleeping for long periods of time E. Dressing in black or grey clothing","A,B,C"
"2026-01-Q3-Q04","Jan 2026",4,"Bipolar/mania",14,0.928571428571429,0.154484498532425,0.9,0.14,0.0285714285714286,"Very easy","Low",1,"Low local item-rest relationship; Very easy item","A nurse is planning activities for a client who has bipolar disorder and is in the manic phase. Which activity is appropriate for the nurse to suggest when the client complains of boredom?","A. Watching TV in the day room with a group B. Taking a walk in the courtyard with the nurse C. Playing basketball in the gymnasium with other clients D. Participating in a group discussion about the local election","B"
"2026-01-Q3-Q05","Jan 2026",5,"Bipolar/mania",14,0.5,0.00431644767608089,0.58,0.27,-0.0799999999999998,"Difficult","Very low",1,"Very low local item-rest relationship; Difficult item: confirm clarity/key before retaining","A nurse working on a mental health unit is admitting a client that is in the manic phase of bipolar disorder. Which room assignment should the nurse plan to make for this client?","A. Plan to place the client in seclusion B. Place the client in a private room next to the nursing station C. Plan to place the client in a semi-private room with another bipolar client D. Place the client in a private room in a quiet location on the unit","D"
"2026-01-Q3-Q06","Jan 2026",6,"Bipolar/mania",14,0.714285714285714,0.352092202489756,0.66,0.3,0.0542857142857144,"Moderate","Acceptable",1,"Retain provisionally; continue accumulating local statistics","A nurse is caring for a client that has bipolar disorder. The nurse finds the client doing calisthenics instead of eating lunch in the dining room with the other clients. Which statement by the nurse is most appropriate?","A. ""You do not need to be exercising. You need to sit down and eat because you are already too thin."" B. ""Come with me and I will give you a milkshake to drink."" C. ""Have you thought about what you want to do today?"" D. ""You are not allowed to exercise in here.""","B"
"2026-01-Q3-Q07","Jan 2026",7,"Bipolar/mania",14,0.785714285714286,0.0333769675751214,0.8,0.22,-0.0142857142857142,"Moderate","Very low",1,"Very low local item-rest relationship","A nurse is planning care for a client experiencing the manic phase of bipolar disorder. Which intervention should the nurse include in the client's plan of care?","A. Schedule daily seclusion times B. Discourage daytime napping C. Have consistent unit routines D. Provide a stimulating environment","C"
"2026-01-Q3-Q08","Jan 2026",8,"Depression",14,1,,0.92,0.17,0.08,"Very easy","No variance / unstable",1,"No score variance; cannot discriminate in this cohort; Ceiling item (>=95% local facility)","Which client statement expresses a typical underlying feeling of clients diagnosed with major depressive disorder?","A. ""It's just a matter of time and I will be well."" B. ""If I ignore these feelings, they will go away."" C. ""I can fight these feelings and overcome this disorder."" D. ""I deserve to feel this way.""","D"
"2026-01-Q3-Q09","Jan 2026",9,"Depression",14,0.928571428571429,-0.0162349838555236,0.85,0.19,0.0785714285714286,"Very easy","Negative",1,"Negative local item-rest relationship: review key, wording, and distractors; Very easy item","A nurse is educating a client with depression about a new prescription for fluoxetine 20 mg daily. Which statement by the client indicates an understanding of the instructions?","A. ""I should expect relief from depression within 3 to 4 days."" B. ""I will take my fluoxetine at bedtime so I can sleep better."" C. ""I should notify my primary health care provider if I develop a skin rash."" D. ""I will notice an improvement in my sex drive.""","C"
"2026-01-Q3-Q10","Jan 2026",10,"Depression",14,0.642857142857143,-0.104749726060596,0.76,0.27,-0.117142857142857,"Moderate","Negative",1,"Negative local item-rest relationship: review key, wording, and distractors","A nurse is planning care for a client with depression. The nurse notes that the client is exhibiting weight loss, an inability to concentrate, an inability to complete everyday tasks, and a preference to sleep all day. Which nursing action should be included in the plan of care?","A. Discourage rest periods during the daytime B. Instruct the family to avoid visiting during mealtimes C. Offer three or four large meals daily D. Give the client extra time to communicate individual needs","D"
"2026-01-Q3-Q11","Jan 2026",11,"Depression",14,1,,0.98,-0.01,0.02,"Very easy","No variance / unstable",1,"No score variance; cannot discriminate in this cohort; Ceiling item (>=95% local facility)","A nurse in an outpatient mental health clinic observes a client that has depression sitting alone and crying. As the nurse approaches the client, the client states, ""I am not feeling up to talking right now."" What is the best response by the nurse make at this time?","A. ""You will feel better if you just verbalize it."" B. ""Why don't you want to talk about it?"" C. ""It is ok; I understand."" D. ""We do not need to talk, I am just going to sit here with you for a few minutes.""","D"
"2026-01-Q3-Q12","Jan 2026",12,"Depression",14,0.857142857142857,-0.265133658086131,0.8,0.22,0.0571428571428572,"Moderate","Negative",1,"Negative local item-rest relationship: review key, wording, and distractors","A nurse in an acute care mental health facility is caring for a client with depression. After 3 days of treatment, the nurse notices that the client suddenly seems cheerful and relaxed and there are no longer signs of a depressive state. Which nursing action is appropriate to include in the plan of care?","A. Encourage family to take the client out of the facility for short periods of time B. Reward the client for this change in behavior C. Monitor the client's whereabouts at all times D. Ask the client why the behavior has changed","C"
"2026-01-Q3-Q13","Jan 2026",13,"Depression",14,1,,0.94,0.09,0.06,"Very easy","No variance / unstable",1,"No score variance; cannot discriminate in this cohort; Ceiling item (>=95% local facility)","A nurse is caring for a client with pain disorder and depression. The client reports chronic low back pain and states, “none of these doctors have done anything to help.” Which statement made by the client requires immediate attention?","A. “I twisted my back last night, and now the pain is a lot worse.” B. “I’m so sick of this pain. I think I’m going to find a way to end it.” C. “Occasionally I buy pain killers from a guy in my neighborhood.” D. “I’m going to sue you and the doctor; you aren’t doing anything for me.”","B"
"2026-01-Q3-Q14","Jan 2026",14,"Depression",14,1,,0.87,0.25,0.13,"Very easy","No variance / unstable",1,"No score variance; cannot discriminate in this cohort; Ceiling item (>=95% local facility)","A nurse is caring for a client with paraplegia following a diving accident. Which finding indicates that the client is developing depression?","A. Flight of ideas B. Difficulty concentrating C. Palpitations D. Paranoia","B"
"2026-01-Q3-Q15","Jan 2026",15,"Depression",14,0.928571428571429,-0.449789281943621,0.94,0.01,-0.0114285714285713,"Very easy","Negative",1,"Negative local item-rest relationship: review key, wording, and distractors; Very easy item","A nurse is evaluating the outcomes for an outpatient client with depression. Which client statement indicates a need for further evaluation?","A. ""I had a great trip to the Smoky Mountains."" B. ""Going back to work has been okay."" C. ""I just don't like going to the movies like I used to."" D. ""I can't wait to have my family together next weekend.""","C"
"2026-03-Q3-Q01","Mar 2026",1,"Suicide/safety",19,1,,0.89,0.29,0.11,"Very easy","No variance / unstable",2,"No score variance; cannot discriminate in this cohort; Ceiling item (>=95% local facility); Exact stem reused 2 times","A nurse is assessing a client who was recently admitted following a suicide attempt. Which of the following behaviors is the priority for the nurse to report to the adolescent’s treatment team?","A. Calling his family B. Spending time alone C. Crying in their room D. Giving away possessions","D"
"2026-03-Q3-Q02","Mar 2026",2,"Suicide/safety",19,0.736842105263158,0.42219946164471,0.78,0.27,-0.043157894736842,"Moderate","Acceptable",2,"Exact stem reused 2 times","A client with a history of three suicide attempts has been taking fluoxetine (Prozac) for 1 month. The client suddenly presents with a bright affect, is much more communicative, and rates mood at 9/10. Which action should be the nurse’s priority at this time?","A. Give the client off-unit privileges as positive reinforcement B. Encourage the client to share mood improvement in group C. Increase frequency of client observation D. Request a medication reevaluation","C"
"2026-03-Q3-Q03","Mar 2026",3,"Suicide/safety",19,0.736842105263158,0.0450092078714099,0.72,0.25,0.0168421052631581,"Moderate","Very low",2,"Very low local item-rest relationship; Exact stem reused 2 times","A nurse is working on a pediatric mental health unit. Which client should the nurse identify as the highest risk for a suicide?","A. A client whose father committed suicide after losing his job B. A client that has a history of illegal drug use C. A client who was hospitalized a year ago for a suicide attempt D. A client who has a history of depression and states, ""there is nothing to live for.""","C"
"2026-03-Q3-Q04","Mar 2026",4,"Suicide/safety",19,0.842105263157895,-0.0142244142243766,0.82,0.24,0.0221052631578948,"Moderate","Negative",2,"Negative local item-rest relationship: review key, wording, and distractors; Exact stem reused 2 times","A nurse is caring for a client threatening to commit suicide by hanging. The client states, “I’m going to use a knotted shower curtain when no one is around.” Which factor will guide the nurse’s plan of care for the client?","A. The more specific the plan is, the more likely the client will attempt suicide. B. Clients who talk about suicide never actually commit it. C. Clients who threaten suicide should be observed every 15 minutes. D. After a brief assessment, the nurse should avoid the topic of suicide.","A"
"2026-03-Q3-Q05","Mar 2026",5,"Suicide/safety",19,1,,1,,0,"Very easy","No variance / unstable",1,"No score variance; cannot discriminate in this cohort; Ceiling item (>=95% local facility)","A 19-year-old college student presents to the campus health center reporting difficulty sleeping and ""feeling overwhelmed."" Which assessment findings would the nurse identify as risk indicators? Select all that apply","A. The client states, ""My roommate moved out and I don't have anyone to talk to anymore."" B. The client reports earning a B+ on a recent exam despite hoping for an A. C. The client says, ""My parents spend so much money on my tuition and I'm just wasting it."" D. The client has a history of repeated cutting on forearms over the past two years. E. The client reports drinking two cups of coffee daily to stay awake for studying. F. The client states, ""I joined an intramural soccer team last week.""","A,C,D"
"2026-03-Q3-Q06","Mar 2026",6,"Depression",19,0.842105263157895,0.667743404181621,0.87,0.35,-0.0278947368421051,"Moderate","Acceptable",2,"Exact stem reused 2 times","A client taking sertraline was prescribed sumatriptan for migraines one week ago by a different provider. The client presents to the clinic reporting muscle twitching, agitation, diarrhea, and feeling ""shaky and hot."" Vital signs: T 38.9C, HR 112, BP 158/94. The nurse suspects serotonin syndrome. Which finding, if present, would most strongly confirm the nurse's suspicion?","A. Lead-pipe rigidity in all extremities B. Bilateral lower extremity clonus and hyperreflexia C. Decreased level of consciousness with a GCS of 8 D. Maculopapular rash across the trunk and extremities","B"
"2026-03-Q3-Q07","Mar 2026",7,"Suicide/safety",19,0.828947368421053,0.0143786057083503,0.45,0.07,0.378947368421053,"Moderate","Very low",2,"Very low local item-rest relationship; Exact stem reused 2 times","A nurse is caring for a client hospitalized with severe MDD who expresses suicidal ideation with a plan. Which nursing interventions are appropriate? Select all that apply.","A. Place the client on one-to-one observation. B. Remove belts, shoelaces, and charging cables from the client's room. C. Ask the client to sign a safety contract promising not to attempt self-harm. D. Conduct a collaborative safety plan identifying the client's personal warning signs and coping strategies. E. Administer PRN medication as ordered if the client exhibits escalating distress. F. Restrict all visitors to minimize emotional triggers.","A,B,D,E"
"2026-03-Q3-Q08","Mar 2026",8,"Depression",19,1,,1,,0,"Very easy","No variance / unstable",2,"No score variance; cannot discriminate in this cohort; Ceiling item (>=95% local facility); Exact stem reused 2 times","A client with MDD tells the nurse, ""Nothing is going to get better. There's no point in trying."" Which response best demonstrates a therapeutic nursing intervention?","A. ""Things will get better once your medication starts working. You just need to give it time."" B. ""Can you tell me more about what feels most hopeless right now?"" C. ""You have so much to live for. Think about your family."" D. ""I understand you feel hopeless. Let me tell you about some clients I've seen who got better.""","B"
"2026-03-Q3-Q09","Mar 2026",9,"Depression",19,1,,1,,0,"Very easy","No variance / unstable",1,"No score variance; cannot discriminate in this cohort; Ceiling item (>=95% local facility)","A client with MDD who has been sleeping 3-4 hours per night due to terminal insomnia (early morning awakening) asks the nurse for advice on improving sleep. Which intervention should the nurse recommend first?","A. Try taking an over-the-counter sleep aid like diphenhydramine to help you stay asleep. B. Avoid screens for at least an hour before bed, keep a consistent wake time, and limit caffeine after noon. C. Try to nap during the day to make up for the lost sleep at night. D. Exercise vigorously in the evening to tire yourself out before bedtime.","B"
"2026-03-Q3-Q10","Mar 2026",10,"Depression",19,0.842105263157895,0.211560962517938,0.9,0.21,-0.0578947368421051,"Moderate","Acceptable",2,"Exact stem reused 2 times","A nurse has been working with a client whose mother died six months ago. At the initial assessment, the client met criteria for MDD superimposed on acute grief. After eight weeks of sertraline and therapy, the client reports: ""The depression is better. I have energy again and I'm back at work. But I still cry when I hear my mom's favorite song. I miss her every day."" The client asks, ""Shouldn't the medication have fixed that too?"" Which response reflects the most accurate clinical evaluation?","A. The medication should address grief as well as depression. Since you're still crying at reminders and missing her daily, I'll discuss a dose increase with the provider to target those remaining symptoms. B. Grief that persists beyond six months usually indicates a more serious condition. I'd like to assess whether your grief has become prolonged and whether we need to adjust the treatment approach. C. The medication treated the depression: the flat mood, the lost energy, the withdrawal. The grief, missing her, crying at her song, is not a symptom to fix. It's a normal response to loss that treatment shouldn't eliminate. D. Grief and depression overlap significantly, so if you're still crying regularly and missing her this much, it's likely that the depression hasn't fully resolved and we need to continue optimizing treatment.","C"
"2026-03-Q3-Q11","Mar 2026",11,"Bipolar/mania",19,0.631578947368421,0.311441221781934,0.66,0.2,-0.0284210526315787,"Moderate","Acceptable",2,"Exact stem reused 2 times","A nurse is caring for a client with bipolar disorder who has a new rash all over their back. Which medication(s) should the nurse recognize the most likely cause of the rash? Select all that apply.","A. Lamotrigine B. Carbamazepine C. Aripiprazole D. Lithium E. Olanzapine","A,B"
"2026-03-Q3-Q12","Mar 2026",12,"Bipolar/mania",19,0.789473684210526,0.141272161397954,0.83,0.36,-0.0405263157894736,"Moderate","Low",2,"Low local item-rest relationship; Exact stem reused 2 times","A nurse is caring for a client with bipolar disorder. The client is experiencing acute mania and is found doing calisthenics instead of eating in the dining room during lunchtime. Which is the best response by the nurse?","A. ""You are already too thin, and exercise is not good for you. Go sit down somewhere and eat something."" B. ""Come with me. Here is a milkshake to drink."" C. ""We need you to decide what activities you will do today."" D. ""You will need to leave the dining room right now and go somewhere else to exercise.""","B"
"2026-03-Q3-Q13","Mar 2026",13,"Bipolar/mania",19,0.68421052631579,-0.210400877934371,0.76,0.23,-0.0757894736842103,"Moderate","Negative",2,"Negative local item-rest relationship: review key, wording, and distractors; Exact stem reused 2 times","A client with bipolar I disorder in acute mania becomes increasingly agitated during a conversation with a visitor. The client's voice is rising, fists are clenched, and the client stands abruptly. Which nursing actions are appropriate? Select all that apply.","A. Calmly ask the visitor to step out and offer to escort the client to a quieter area. B. Stand between the client and the visitor to physically block any aggressive behavior. C. Speak in a slow, low tone and use brief, clear statements. D. Administer PRN medication before attempting any verbal intervention. E. Ensure there is a clear exit path and avoid cornering the client. F. Reduce environmental stimuli by dimming lights and turning off the television.","A,C,E,F"
"2026-03-Q3-Q14","Mar 2026",14,"Bipolar/mania",19,0.947368421052632,-0.0112706856416791,0.97,0.07,-0.0226315789473683,"Very easy","Negative",2,"Negative local item-rest relationship: review key, wording, and distractors; Very easy item; Exact stem reused 2 times","A client with bipolar I disorder on the inpatient unit is monopolizing group therapy, interrupting other clients, and giving unsolicited advice in a loud, rapid voice. Other clients appear uncomfortable. Which nursing intervention is most appropriate?","A. Allow the client to continue because self-expression is therapeutic and the group can manage the disruption. B. Remove the client from group permanently and restrict all group participation until the mania resolves. C. Redirect the client privately by saying, ""I can see you have a lot to share. Let's step out and talk one-on-one so others can have a turn."" D. Confront the client in front of the group by saying, ""You need to let other people speak. You've been talking for ten minutes.""","C"
"2026-03-Q3-Q15","Mar 2026",15,"Bipolar/mania",19,0.912280636292223,0.195299131010142,0.59,0.31,0.322280636292223,"Very easy","Low",1,"Low local item-rest relationship; Very easy item","A nurse is caring for a client diagnosed with bipolar disorder. Which behavior(s) should the nurse interpret as mania when observing the client? Select all that apply.","A. Dressing in black or grey clothing B. Sleeping for long periods of time C. Exaggerated self-confidence D. Acting in a flirtatious way E. Talking in rapid speech","C,D,E"
"2026-05-Q3-Q01","May 2026",1,"Bipolar/mania",10,1,,0.97,0.16,0.03,"Very easy","No variance / unstable",1,"No score variance; cannot discriminate in this cohort; Ceiling item (>=95% local facility); Rendering/export artifact in stem","A client with Bipolar Disorder is in a state of acute mania. In planning the care, the nurse establishes these goals. Which client goal is of highest priority?  ",,"N/A Hot Spot"
"2026-05-Q3-Q02","May 2026",2,"Suicide/safety",10,1,,0.96,0.12,0.04,"Very easy","No variance / unstable",2,"No score variance; cannot discriminate in this cohort; Ceiling item (>=95% local facility); Exact stem reused 2 times","A nurse in a pediatric unit is working with an adolescent client with a history of depression. Which assessment finding indicates the client may be suicidal?","A. The client gives away a DVD and cherished autographed picture B. The client runs out of a therapy group swearing at the group leader C. The client becomes angry when speaking on the telephone and hangs up abruptly D. The client gets angry with their roommate for borrowing their items without asking","A"
"2026-05-Q3-Q03","May 2026",3,"Bipolar/mania",10,1,,0.97,0.07,0.03,"Very easy","No variance / unstable",2,"No score variance; cannot discriminate in this cohort; Ceiling item (>=95% local facility); Exact stem reused 2 times","A client with bipolar I disorder on the inpatient unit is monopolizing group therapy, interrupting other clients, and giving unsolicited advice in a loud, rapid voice. Other clients appear uncomfortable. Which nursing intervention is most appropriate?","A. Allow the client to continue because self-expression is therapeutic and the group can manage the disruption. B. Remove the client from group permanently and restrict all group participation until the mania resolves. C. Redirect the client privately by saying, ""I can see you have a lot to share. Let's step out and talk one-on-one so others can have a turn."" D. Confront the client in front of the group by saying, ""You need to let other people speak. You've been talking for ten minutes.""","C"
"2026-05-Q3-Q04","May 2026",4,"Bipolar/mania",10,0.9,-0.418569238788198,0.76,0.23,0.14,"Very easy","Negative",2,"Negative local item-rest relationship: review key, wording, and distractors; Very easy item; Exact stem reused 2 times","A client with bipolar I disorder in acute mania becomes increasingly agitated during a conversation with a visitor. The client's voice is rising, fists are clenched, and the client stands abruptly. Which nursing actions are appropriate? Select all that apply.","A. Calmly ask the visitor to step out and offer to escort the client to a quieter area. B. Stand between the client and the visitor to physically block any aggressive behavior. C. Speak in a slow, low tone and use brief, clear statements. D. Administer PRN medication before attempting any verbal intervention. E. Ensure there is a clear exit path and avoid cornering the client. F. Reduce environmental stimuli by dimming lights and turning off the television.","A,C,E,F"
"2026-05-Q3-Q05","May 2026",5,"Bipolar/mania",10,0.9,-0.549917453188955,0.83,0.36,0.0700000000000001,"Very easy","Negative",2,"Negative local item-rest relationship: review key, wording, and distractors; Very easy item; Exact stem reused 2 times","A nurse is caring for a client with bipolar disorder. The client is experiencing acute mania and is found doing calisthenics instead of eating in the dining room during lunchtime. Which is the best response by the nurse?","A. ""You are already too thin, and exercise is not good for you. Go sit down somewhere and eat something."" B. ""Come with me. Here is a milkshake to drink."" C. ""We need you to decide what activities you will do today."" D. ""You will need to leave the dining room right now and go somewhere else to exercise.""","B"
"2026-05-Q3-Q06","May 2026",6,"Bipolar/mania",10,0.9,-0.427182890906981,0.66,0.2,0.24,"Very easy","Negative",2,"Negative local item-rest relationship: review key, wording, and distractors; Very easy item; Exact stem reused 2 times","A nurse is caring for a client with bipolar disorder who has a new rash all over their back. Which medication(s) should the nurse recognize the most likely cause of the rash? Select all that apply.","A. Lamotrigine B. Carbamazepine C. Aripiprazole D. Lithium E. Olanzapine","A,B"
"2026-05-Q3-Q07","May 2026",7,"Depression",10,1,,0.9,0.21,0.1,"Very easy","No variance / unstable",2,"No score variance; cannot discriminate in this cohort; Ceiling item (>=95% local facility); Exact stem reused 2 times","A nurse has been working with a client whose mother died six months ago. At the initial assessment, the client met criteria for MDD superimposed on acute grief. After eight weeks of sertraline and therapy, the client reports: ""The depression is better. I have energy again and I'm back at work. But I still cry when I hear my mom's favorite song. I miss her every day."" The client asks, ""Shouldn't the medication have fixed that too?"" Which response reflects the most accurate clinical evaluation?","A. The medication should address grief as well as depression. Since you're still crying at reminders and missing her daily, I'll discuss a dose increase with the provider to target those remaining symptoms. B. Grief that persists beyond six months usually indicates a more serious condition. I'd like to assess whether your grief has become prolonged and whether we need to adjust the treatment approach. C. The medication treated the depression: the flat mood, the lost energy, the withdrawal. The grief, missing her, crying at her song, is not a symptom to fix. It's a normal response to loss that treatment shouldn't eliminate. D. Grief and depression overlap significantly, so if you're still crying regularly and missing her this much, it's likely that the depression hasn't fully resolved and we need to continue optimizing treatment.","C"
"2026-05-Q3-Q08","May 2026",8,"Depression",10,1,,1,,0,"Very easy","No variance / unstable",2,"No score variance; cannot discriminate in this cohort; Ceiling item (>=95% local facility); Exact stem reused 2 times","A client with MDD tells the nurse, ""Nothing is going to get better. There's no point in trying."" Which response best demonstrates a therapeutic nursing intervention?","A. ""Things will get better once your medication starts working. You just need to give it time."" B. ""Can you tell me more about what feels most hopeless right now?"" C. ""You have so much to live for. Think about your family."" D. ""I understand you feel hopeless. Let me tell you about some clients I've seen who got better.""","B"
"2026-05-Q3-Q09","May 2026",9,"Suicide/safety",10,0.875,-0.373546864326674,0.45,0.07,0.425,"Moderate","Negative",2,"Negative local item-rest relationship: review key, wording, and distractors; Exact stem reused 2 times","A nurse is caring for a client hospitalized with severe MDD who expresses suicidal ideation with a plan. Which nursing interventions are appropriate? Select all that apply.","A. Place the client on one-to-one observation. B. Remove belts, shoelaces, and charging cables from the client's room. C. Ask the client to sign a safety contract promising not to attempt self-harm. D. Conduct a collaborative safety plan identifying the client's personal warning signs and coping strategies. E. Administer PRN medication as ordered if the client exhibits escalating distress. F. Restrict all visitors to minimize emotional triggers.","A,B,D,E"
"2026-05-Q3-Q10","May 2026",10,"Depression",10,1,,0.87,0.35,0.13,"Very easy","No variance / unstable",2,"No score variance; cannot discriminate in this cohort; Ceiling item (>=95% local facility); Exact stem reused 2 times","A client taking sertraline was prescribed sumatriptan for migraines one week ago by a different provider. The client presents to the clinic reporting muscle twitching, agitation, diarrhea, and feeling ""shaky and hot."" Vital signs: T 38.9C, HR 112, BP 158/94. The nurse suspects serotonin syndrome. Which finding, if present, would most strongly confirm the nurse's suspicion?","A. Lead-pipe rigidity in all extremities B. Bilateral lower extremity clonus and hyperreflexia C. Decreased level of consciousness with a GCS of 8 D. Maculopapular rash across the trunk and extremities","B"
"2026-05-Q3-Q11","May 2026",11,"Suicide/safety",10,0.9,-0.549892102947146,0.82,0.24,0.0800000000000001,"Very easy","Negative",2,"Negative local item-rest relationship: review key, wording, and distractors; Very easy item; Exact stem reused 2 times","A nurse is caring for a client threatening to commit suicide by hanging. The client states, “I’m going to use a knotted shower curtain when no one is around.” Which factor will guide the nurse’s plan of care for the client?","A. The more specific the plan is, the more likely the client will attempt suicide. B. Clients who talk about suicide never actually commit it. C. Clients who threaten suicide should be observed every 15 minutes. D. After a brief assessment, the nurse should avoid the topic of suicide.","A"
"2026-05-Q3-Q12","May 2026",12,"Suicide/safety",10,0.7,-0.697005286064993,0.72,0.25,-0.02,"Moderate","Negative",2,"Negative local item-rest relationship: review key, wording, and distractors; Exact stem reused 2 times","A nurse is working on a pediatric mental health unit. Which client should the nurse identify as the highest risk for a suicide?","A. A client whose father committed suicide after losing his job B. A client that has a history of illegal drug use C. A client who was hospitalized a year ago for a suicide attempt D. A client who has a history of depression and states, ""there is nothing to live for.""","C"
"2026-05-Q3-Q13","May 2026",13,"Suicide/safety",10,1,,0.78,0.27,0.22,"Very easy","No variance / unstable",2,"No score variance; cannot discriminate in this cohort; Ceiling item (>=95% local facility); Exact stem reused 2 times","A client with a history of three suicide attempts has been taking fluoxetine (Prozac) for 1 month. The client suddenly presents with a bright affect, is much more communicative, and rates mood at 9/10. Which action should be the nurse’s priority at this time?","A. Give the client off-unit privileges as positive reinforcement B. Encourage the client to share mood improvement in group C. Increase frequency of client observation D. Request a medication reevaluation","C"
"2026-05-Q3-Q14","May 2026",14,"Suicide/safety",10,1,,0.89,0.29,0.11,"Very easy","No variance / unstable",2,"No score variance; cannot discriminate in this cohort; Ceiling item (>=95% local facility); Exact stem reused 2 times","A nurse is assessing a client who was recently admitted following a suicide attempt. Which of the following behaviors is the priority for the nurse to report to the adolescent’s treatment team?","A. Calling his family B. Spending time alone C. Crying in their room D. Giving away possessions","D"
"2026-05-Q3-Q15","May 2026",15,"Depression",10,1,,0.89,0.23,0.11,"Very easy","No variance / unstable",1,"No score variance; cannot discriminate in this cohort; Ceiling item (>=95% local facility)","A nurse is providing instructions to a client about sertraline, an SSRI. Which statement should the nurse include in the instructions?","A. “This medication may cause sexual dysfunction.” B. “You will notice an improvement in mood within 2 to 3 days.” C. “A fever is an expected adverse effect of this medication.” D. “Sertraline can cause temporary muscle rigidity.”","A"
