"Stage","Content Group","Administrations","Sessions","Facility Minimum","Facility Maximum","Facility Range","Mean Local Item-Rest Correlation","Item Keys","Stem / Scenario"
"Quiz 3","Bipolar/mania",2,"Mar 2026; May 2026",0.631578947368421,0.9,0.268421052631579,-0.0578708345625239,"2026-03-Q3-Q11; 2026-05-Q3-Q06","A nurse is caring for a client with bipolar disorder who has a new rash all over their back. Which medication(s) should the nurse recognize the most likely cause of the rash? Select all that apply."
"Quiz 3","Suicide/safety",2,"Mar 2026; May 2026",0.736842105263158,1,0.263157894736842,0.42219946164471,"2026-03-Q3-Q02; 2026-05-Q3-Q13","A client with a history of three suicide attempts has been taking fluoxetine (Prozac) for 1 month. The client suddenly presents with a bright affect, is much more communicative, and rates mood at 9/10. Which action should be the nurse’s priority at this time?"
"Exam 2 relevant content","Depression",2,"Mar 2026; May 2026",0.578947368421053,0.818181818181818,0.239234449760766,0.370675161645137,"2026-03-E2-Q51; 2026-05-E2-Q54","A client with major depressive disorder (MDD) has been on an inpatient psychiatric unit for two days. The nurse notes that the client is minimally responsive during interactions, frequently isolates in their room, and has a flat affect. What priority action should the nurse take?"
"Exam 2 relevant content","Bipolar/mania",2,"Mar 2026; May 2026",0.68421052631579,0.909090909090909,0.22488038277512,0.00736118745030774,"2026-03-E2-Q53; 2026-05-E2-Q56","A client presents to the unit in the manic phase of bipolar disorder. What action should the nurse prioritize?"
"Quiz 3","Bipolar/mania",2,"Mar 2026; May 2026",0.68421052631579,0.9,0.21578947368421,-0.314485058361285,"2026-03-Q3-Q13; 2026-05-Q3-Q04","A client with bipolar I disorder in acute mania becomes increasingly agitated during a conversation with a visitor. The client's voice is rising, fists are clenched, and the client stands abruptly. Which nursing actions are appropriate? Select all that apply."
"Quiz 3","Depression",2,"Mar 2026; May 2026",0.842105263157895,1,0.157894736842105,0.667743404181621,"2026-03-Q3-Q06; 2026-05-Q3-Q10","A client taking sertraline was prescribed sumatriptan for migraines one week ago by a different provider. The client presents to the clinic reporting muscle twitching, agitation, diarrhea, and feeling ""shaky and hot."" Vital signs: T 38.9C, HR 112, BP 158/94. The nurse suspects serotonin syndrome. Which finding, if present, would most strongly confirm the nurse's suspicion?"
"Quiz 3","Depression",2,"Mar 2026; May 2026",0.842105263157895,1,0.157894736842105,0.211560962517938,"2026-03-Q3-Q10; 2026-05-Q3-Q07","A nurse has been working with a client whose mother died six months ago. At the initial assessment, the client met criteria for MDD superimposed on acute grief. After eight weeks of sertraline and therapy, the client reports: ""The depression is better. I have energy again and I'm back at work. But I still cry when I hear my mom's favorite song. I miss her every day."" The client asks, ""Shouldn't the medication have fixed that too?"" Which response reflects the most accurate clinical evaluation?"
"Exam 2 relevant content","Depression",2,"Mar 2026; May 2026",0.818181818181818,0.947368421052632,0.129186602870813,-0.0326471807723549,"2026-03-E2-Q50; 2026-05-E2-Q51","A nurse is teaching a client who is scheduled for electroconvulsive therapy (ECT). Which statement indicates the client requires additional education?"
"Exam 2 relevant content","Bipolar/mania",2,"Mar 2026; May 2026",0.789473684210526,0.909090909090909,0.119617224880383,-0.0620283341650799,"2026-03-E2-Q55; 2026-05-E2-Q44","A client with bipolar disorder on long-term lithium therapy presents to the clinic with new symptoms of muscle weakness, increased thirst, and frequent urination. The nurse notes the client has recently started a low-sodium diet on the advice of their primary care provider. Which action should the nurse take first?"
"Quiz 3","Bipolar/mania",2,"Mar 2026; May 2026",0.789473684210526,0.9,0.110526315789474,-0.2043226458955,"2026-03-Q3-Q12; 2026-05-Q3-Q05","A nurse is caring for a client with bipolar disorder. The client is experiencing acute mania and is found doing calisthenics instead of eating in the dining room during lunchtime. Which is the best response by the nurse?"
"Exam 2 relevant content","Suicide/safety",2,"Jan 2026; Mar 2026",0.714285714285714,0.789473684210526,0.075187969924812,-0.14055591307642,"2026-01-E2-Q03; 2026-03-E2-Q03","Client Profile Nurse's Note Vital Signs Name: Peter Sherman Provider: P. Mayo, MD Code Status: Full Code Allergies: None known Age: 44 years Weight: 82.3 kg (181.4 lbs) Client Profile Nurse's Note Vital Signs Date/Time Nurse's Notes History of Present Illness: Client presents to the emergency department with increased anxiety and frequent flashbacks over the past two weeks following the loss of a close friend. Appears disheveled, anxious, and easily startled. Client reports difficulty sleeping, with frequent nightmares that cause him to wake up in a panic. Additionally, the client mentions that these symptoms have led to a strained 03/17/XX relationship with their wife, due to the client’s irritability and isolation. The client states, ""My wife is 1020 supportive, but she would probably be better off if I wasn't around."" Past Medical History: Diagnosed with post-traumatic stress disorder (PTSD) 5 years ago. History of depression and anxiety. No history of self-harm or substance abuse. Suicide risk assessment completed. Client states, ""I once thought it might be better if I went to bed 3/17/XX and did not wake up, but I would never kill myself. I couldn’t do that to my family, plus I know God 1045 does not want me to do that.” No history of suicide attempts and client states, “I have been down before, but I have always gotten better.” Client Profile Nurse's Note Vital Signs 03/17/XX 1015 Blood pressure 138/90 Heart rate 98 Respiratory rate 20 Temperature 97.8 F (36.6 C) Pulse oximetry 97% on room air Pain 7/10 ""headache"" Review the electronic health record. What conclusion should the nurse make regarding the client's suicide risk?"
"Quiz 3","Suicide/safety",2,"Jan 2026; May 2026",0.928571428571429,1,0.0714285714285714,-0.211447428397996,"2026-01-Q3-Q02; 2026-05-Q3-Q02","A nurse in a pediatric unit is working with an adolescent client with a history of depression. Which assessment finding indicates the client may be suicidal?"
"Quiz 3","Suicide/safety",2,"Mar 2026; May 2026",0.842105263157895,0.9,0.0578947368421052,-0.282058258585761,"2026-03-Q3-Q04; 2026-05-Q3-Q11","A nurse is caring for a client threatening to commit suicide by hanging. The client states, “I’m going to use a knotted shower curtain when no one is around.” Which factor will guide the nurse’s plan of care for the client?"
"Exam 2 relevant content","Suicide/safety",2,"Mar 2026; May 2026",0.947368421052632,1,0.0526315789473685,-0.110587102201258,"2026-03-E2-Q48; 2026-05-E2-Q46","A nurse is caring for a client who was previously withdrawn and expressing suicidal thoughts but is now talkative and insists they feel ""better than ever."" Which is an appropriate response by the nurse?"
"Quiz 3","Bipolar/mania",2,"Mar 2026; May 2026",0.947368421052632,1,0.0526315789473684,-0.0112706856416791,"2026-03-Q3-Q14; 2026-05-Q3-Q03","A client with bipolar I disorder on the inpatient unit is monopolizing group therapy, interrupting other clients, and giving unsolicited advice in a loud, rapid voice. Other clients appear uncomfortable. Which nursing intervention is most appropriate?"
"Quiz 3","Suicide/safety",2,"Mar 2026; May 2026",0.828947368421053,0.875,0.0460526315789471,-0.179584129309162,"2026-03-Q3-Q07; 2026-05-Q3-Q09","A nurse is caring for a client hospitalized with severe MDD who expresses suicidal ideation with a plan. Which nursing interventions are appropriate? Select all that apply."
"Quiz 3","Suicide/safety",2,"Mar 2026; May 2026",0.7,0.736842105263158,0.0368421052631581,-0.325998039096792,"2026-03-Q3-Q03; 2026-05-Q3-Q12","A nurse is working on a pediatric mental health unit. Which client should the nurse identify as the highest risk for a suicide?"
"Exam 2 relevant content","Suicide/safety",2,"Jan 2026; Mar 2026",0.969387742857143,0.9774436,0.00805585714285717,-0.252417981243883,"2026-01-E2-Q02; 2026-03-E2-Q02","Client Profile Nurse's Note Vital Signs Name: Peter Sherman Provider: P. Mayo, MD Code Status: Full Code Allergies: None known Age: 44 years Weight: 82.3 kg (181.4 lbs) Client Profile Nurse's Note Vital Signs Date/Time Nurse's Notes History of Present Illness: Client presents to the emergency department with increased anxiety and frequent flashbacks over the past two weeks following the loss of a close friend. Appears disheveled, anxious, and easily startled. Client reports difficulty sleeping, with frequent nightmares that cause him to wake up in a panic. Additionally, the client mentions that these symptoms have led to a strained 03/17/XX relationship with their wife, due to the client’s irritability and isolation. The client states, ""My wife is 1020 supportive, but she would probably be better off if I wasn't around."" Past Medical History: Diagnosed with PTSD 5 years ago. History of depression and anxiety. No history of self-harm or substance abuse. Suicide risk assessment completed. Client states, “I once thought it would be better if I went to bed 03/17/XX and did not wake up, but I would never kill myself. I couldn’t do that to my family, plus I know God 1045 does not want me to do that.” No history of suicide attempts and client states, “I have been down before, but I have always gotten better.” Client Profile Nurse's Note Vital Signs 03/17/XX 1015 Blood pressure 138/90 Heart rate 98 Respiratory rate 20 Temperature 97.8 F (36.6 C) Pulse oximetry 97% on room air Pain 7/10 ""headache"" Review the electronic health record. For each assessment finding, click to specify if the finding is a risk factor or protective factor for suicide. Select the best answer in each row. Assessment Finding Risk Factor Protective Factor States, “I couldn't do that to my family.” Client’s belief in eventual recovery Supportive partner Recent loss of close friend Difficulty sleeping Diagnosis of PTSD Access to healthcare"
"Quiz 3","Depression",2,"Mar 2026; May 2026",1,1,0,,"2026-03-Q3-Q08; 2026-05-Q3-Q08","A client with MDD tells the nurse, ""Nothing is going to get better. There's no point in trying."" Which response best demonstrates a therapeutic nursing intervention?"
"Quiz 3","Suicide/safety",2,"Mar 2026; May 2026",1,1,0,,"2026-03-Q3-Q01; 2026-05-Q3-Q14","A nurse is assessing a client who was recently admitted following a suicide attempt. Which of the following behaviors is the priority for the nurse to report to the adolescent’s treatment team?"
"Exam 2 relevant content","Bipolar/mania",2,"Jan 2026; Mar 2026",1,1,0,,"2026-01-E2-Q29; 2026-03-E2-Q52","A nurse is planning care for a client admitted in a manic state. Which action should the nurse take?"
