Assessment Key,Session,Session Sort,Course,Course ID,Type,Number,PDF Title,CSV Assessment Name,Vendor Assessment ID,Created At,Due At,Max Points,Est. Minutes,Avg Point-Biserial,Upper 27%,Lower 27%,Discrimination Index,PDF Difficulty,Questions,Student N,Mean Student Score,At/Above Benchmark,Question Mix,PDF Source,CSV Source,Coverage
2026-01-Q1,Jan 2026,2026-01,Mental Health Nursing-Blenis,16356.202610,Quiz,1,Quiz 1A - Blenis - 011526,Quiz 1A - Blenis - 011526,2457836,46027.79791666667,46038.083333333336,20,15,0.19,0.94,0.78,0.16,0.87,20,14,0.882142857142857,1,Multiple Choice: 20,N326 Quiz 1 January 2026.pdf,Quiz 1A - Blenis - 011526.csv,PDF + student data
2026-01-Q2,Jan 2026,2026-01,Mental Health Nursing-Blenis,16356.202610,Quiz,2,N326_Blenis_Quiz2_ATL_012225,N326_Blenis_Quiz2_ATL_012225,2486904,46043.7625,46045.20763888889,19.95,12,0.21,0.9,0.67,0.23,0.79,15,14,0.8428571428571426,0.7142857142857143,Multiple Choice: 15,N326 Quiz 2 January 2026.pdf,N326_Blenis_Quiz2_ATL_012225.csv,PDF + student data
2026-01-Q3,Jan 2026,2026-01,Mental Health Nursing-Blenis,16356.202610,Quiz,3,N326_Blenis_Quiz3_ATL,N326_Blenis_Quiz3_ATL,2500886,46050.850694444445,46059.20763888889,20,11,0.17,0.9,0.7,0.19,0.8,15,14,0.8583750714285715,0.9285714285714286,Multiple Choice: 15,N326 Quiz 3 January 2026.pdf,N326_Blenis_Quiz3_ATL.csv,PDF + student data
2026-01-Q4,Jan 2026,2026-01,Mental Health Nursing-Blenis,16356.202610,Quiz,4,N326_Blenis_Quiz4_ATL,N326_Blenis_Quiz4_ATL,2524388,46063.98888888889,46066.20763888889,20,12,0.23,0.81,0.54,0.26,0.67,15,14,0.7123809285714285,0.35714285714285715,Multiple Choice: 15,N326 Quiz 4 January 2026.pdf,N326_Blenis_Quiz4_ATL.csv,PDF + student data
2026-01-Q5,Jan 2026,2026-01,Mental Health Nursing-Blenis,16356.202610,Quiz,5,Quiz5A_Blenis_N326_ATL (Duplicate),Quiz5A_Blenis_N326_ATL (Duplicate),2535037,46070.919444444444,46071.041666666664,20,9,0.24,0.87,0.61,0.26,0.76,15,14,0.8082379285714286,0.7142857142857143,Multiple Choice: 15,N326 Quiz 5 January 2026.pdf,Quiz5A_Blenis_N326_ATL (Duplicate).csv,PDF + student data
2026-01-E1,Jan 2026,2026-01,Mental Health Nursing-Blenis,16356.202610,Exam,1,W4 NR326 Exam 1,W4 NR326 Exam 1,2491812,45995.74513888889,,140,57,0.2,0.88,0.68,0.2,0.78,58,14,0.8431122142857141,0.9285714285714286,Multiple Choice: 46; Fill in the Blank: 6; Matching: 1; Matrix: 4; Bowtie: 1,N326 Exam 1 January 2026.pdf,W4 NR326 Exam 1.csv,PDF + student data
2026-01-E2,Jan 2026,2026-01,Mental Health Nursing-Blenis,16356.202610,Exam,2,W8 NR326 Exam 2,W8 NR326 Exam 2,2542108,46029.80069444444,46080.20763888889,140,55,0.18,0.83,0.63,0.2,0.72,58,14,0.7925352857142858,0.8571428571428571,Multiple Choice: 44; Fill in the Blank: 7; Matching: 1; Matrix: 5; Bowtie: 1,N326 Exam 2 January 2026.pdf,W8 NR326 Exam 2.csv,PDF + student data
2026-03-Q1,Mar 2026,2026-03,Mental Health Nursing-Blenis,68546.202620,Quiz,1,N326 Quiz 1 Atlanta March 2026 Blenis,N326 Quiz 1 Atlanta March 2026 Blenis,2560260,46084.70625,46094.041666666664,20,12,0.21,0.93,0.72,0.21,0.83,15,18,0.8123980555555556,0.7777777777777778,Multiple Choice: 15,N326 Quiz 1 March 2026.pdf,N326 Quiz 1 Atlanta March 2026 Blenis.csv,PDF + student data
2026-03-Q2,Mar 2026,2026-03,Mental Health Nursing-Blenis,68546.202620,Quiz,2,N326 Quiz 2 Atlanta March 2026 Blenis,N326 Quiz 2 Atlanta March 2026 Blenis,2584769,46100.80625,46101,19.6,14,0.22,0.85,0.62,0.22,0.75,15,19,0.8501252631578946,0.8421052631578947,Multiple Choice: 15,N326 Quiz 2 March 2026.pdf,N326 Quiz 2 Atlanta March 2026 Blenis.csv,PDF + student data
2026-03-Q3,Mar 2026,2026-03,Mental Health Nursing-Blenis,68546.202620,Quiz,3,N326 Quiz 3 Atlanta March 2026 Blenis,N326 Quiz 3 Atlanta March 2026 Blenis,2601222,46112.009722222225,46115.708333333336,20,11,0.19,0.91,0.72,0.19,0.82,15,19,0.8530636842105261,0.8421052631578947,Multiple Choice: 15,N326 Quiz 3 March 2026.pdf,N326 Quiz 3 Atlanta March 2026 Blenis.csv,PDF + student data
2026-03-Q4,Mar 2026,2026-03,Mental Health Nursing-Blenis,68546.202620,Quiz,4,N326 Quiz 4 Atlanta March 2026 Blenis,N326 Quiz 4 Atlanta March 2026 Blenis,2611450,46119.83888888889,46122.006944444445,20,12,0.31,0.9,0.62,0.28,0.76,15,19,0.8561578947368422,0.8947368421052632,Multiple Choice: 15,N326 Quiz 4 March 2026.pdf,N326 Quiz 4 Atlanta March 2026 Blenis.csv,PDF + student data
2026-03-Q5,Mar 2026,2026-03,Mental Health Nursing-Blenis,68546.202620,Quiz,5,N326 Quiz 5 Atlanta March 2026 Blenis,N326 Quiz 5 Atlanta March 2026 Blenis,2616129,46122.6625,46126.99930555555,20,15,0.34,0.87,0.53,0.35,0.71,15,17,0.7332058823529414,0.4117647058823529,Multiple Choice: 15,N326 Quiz 5 March 2026.pdf,N326 Quiz 5 Atlanta March 2026 Blenis.csv,PDF + student data
2026-03-E1,Mar 2026,2026-03,Mental Health Nursing-Blenis,68546.202620,Exam,1,W4 NR326 Exam 1,W4 NR326 Exam 1,2587220,46079.82986111111,46108,140,53,0.21,0.87,0.65,0.22,0.76,58,19,0.8481516315789476,0.9473684210526315,Multiple Choice: 45; Fill in the Blank: 5; Ordering: 1; Matrix: 6; Bowtie: 1,N326 Exam 1 March 2026.pdf,W4 NR326 Exam 1.csv,PDF + student data
2026-03-E2,Mar 2026,2026-03,Mental Health Nursing-Blenis,68546.202620,Exam,2,W8 NR326 Exam 2,W8 NR326 Exam 2,2629202,46101.6125,46136.052083333336,140,55,0.14,0.87,0.67,0.2,0.77,58,19,0.8302675789473684,0.9473684210526315,Multiple Choice: 46; Fill in the Blank: 6; Matrix: 5; Bowtie: 1,N326 Exam 2 March 2026.pdf,W8 NR326 March Exam 2.csv,PDF + student data
2026-05-Q1,May 2026,2026-05,Mental Health Nursing-Blenis,16356.202630,Quiz,1,NR326 Quiz 1 Atlanta May26 Blenis,NR326 Quiz 1 Atlanta May26 Blenis,2663656,46151.739583333336,46163.041666666664,20,14,0.32,0.87,0.59,0.28,0.75,15,11,0.8289886363636363,0.8181818181818182,Multiple Choice: 15,N326 Quiz 1 May 2026.pdf,NR326 Quiz 1 Atlanta May26 Blenis.csv,PDF + student data
2026-05-Q2,May 2026,2026-05,Mental Health Nursing-Blenis,16356.202630,Quiz,2,N326 Quiz 2 Atlanta May 2026 Blenis,N326 Quiz 2 Atlanta May 2026 Blenis,2682006,46158.68472222222,46164.04236111111,20,14,0.23,0.85,0.61,0.24,0.74,15,10,0.8112334999999999,0.6,Multiple Choice: 15,N326 Quiz 2 May 2026.pdf,N326 Quiz 2 Atlanta May 2026 Blenis.csv,PDF + student data
2026-05-Q3,May 2026,2026-05,Mental Health Nursing-Blenis,16356.202630,Quiz,3,N326 Quiz 3 Atlanta May 2026 Blenis,N326 Quiz 3 Atlanta May 2026 Blenis,2694712,46164.5375,46178.16527777778,20,11,0.2,0.92,0.73,0.19,0.83,15,10,0.9450875,1,Multiple Choice: 14; Hot Spot: 1,N326 Quiz 3 May 2026.pdf,N326 Quiz 3 Atlanta May 2026 Blenis.csv,PDF + student data
2026-05-Q4,May 2026,2026-05,Mental Health Nursing-Blenis,16356.202630,Quiz,4,NR326 Quiz 4 Atlanta May26 Blenis v1,NR326 Quiz 4 Atlanta May26 Blenis v1,2738404,46184.90277777778,46185.041666666664,20,15,0.28,0.84,0.56,0.28,0.7,16,10,0.8171875,0.8,Multiple Choice: 16,N326 Quiz 4 May 2026.pdf,NR326 Quiz 4 Atlanta May26 Blenis v1.csv,PDF + student data
2026-05-Q5,May 2026,2026-05,Mental Health Nursing-Blenis,16356.202630,Quiz,5,NR326 Quiz 5 Atlanta May 2026 Blenis,NR326 Quiz 5 Atlanta May 2026 Blenis,2738625,46185.518055555556,46190.16527777778,20,22,0.29,0.81,0.5,0.31,0.68,16,11,0.7998105454545456,0.7272727272727273,Multiple Choice: 10; Drag And Drop: 1; Matrix: 3; Bowtie: 2,N326 Quiz 5 May 2026.pdf,NR326 Quiz 5 Atlanta May 2026 Blenis.csv,PDF + student data
2026-05-E1,May 2026,2026-05,Mental Health Nursing-Blenis,16356.202630,Exam,1,W4 NR326 Exam 1,W4 NR326 Exam 1,2695984,46132.70138888889,46171.16527777778,140,56,0.23,0.9,0.65,0.25,0.77,56,11,0.8580897272727271,1,Multiple Choice: 43; Fill in the Blank: 6; Ordering: 1; Matrix: 5; Bowtie: 1,N326 Exam 1 May 2026.pdf,W4 NR326 May Exam 1.csv,PDF + student data
2026-05-E2,May 2026,2026-05,Mental Health Nursing-Blenis,16356.202630,Exam,2,W8 NR326 Exam 2,W8 NR326 Exam 2,2746189,46156.62152777778,,140,53,0.2,0.85,0.62,0.24,0.71,56,11,0.8160443636363638,0.6363636363636364,Multiple Choice: 45; Fill in the Blank: 5; Matrix: 5; Bowtie: 1,N326 Exam 2 May 2026.pdf,W8 NR326 May Exam 2.csv,PDF + student data
2026-07-Q1,Jul 2026,2026-07,Mental Health Nursing-Blenis,68546.202640,Quiz,1,N326 Quiz 1 Atlanta July 2026 Blenis,N326 Quiz 1 Atlanta July 2026 Blenis,2787890,46219.881944444445,46220.16527777778,20,25,0.25,0.77,0.59,0.18,0.69,16,10,0.8120832,0.8,Multiple Choice: 11; Fill in the Blank: 1; Matrix: 2; Bowtie: 2,N326 Quiz 1 July 2026.pdf,N326 Quiz 1 Atlanta July 2026 Blenis.csv,PDF + student data
2026-07-Q2,Jul 2026,2026-07,Mental Health Nursing-Blenis,68546.202640,Quiz,2,N326 Quiz 2 Atlanta July 2026 Blenis,N326 Quiz 2 Atlanta July 2026 Blenis,2801337,46226.896527777775,46227.125,20,23,0.31,0.81,0.47,0.34,0.62,15,10,0.7717434000000001,0.6,Multiple Choice: 7; Fill in the Blank: 1; Matrix: 5; Bowtie: 2,N326 Quiz 2 July 2026.pdf,N326 Quiz 2 Atlanta July 2026 Blenis.csv,PDF + student data
2026-07-E1,Jul 2026,2026-07,Mental Health Nursing-Blenis,68546.202640,Exam,1,W4 NR326 Exam 1,W4 NR326 Exam 1,2794220,46196.67083333333,46234.125,140,56,0.23,0.87,0.62,0.25,0.75,56,9,0.793254,0.8888888888888888,Multiple Choice: 45; Fill in the Blank: 4; Matrix: 6; Bowtie: 1,Exam 1 July 2026.pdf,W4 NR326 Exam 1 (1).csv,PDF + student data
