Attempt Key,Student Key,Session,Session Sort,Assessment Key,Type,Number,Assessment Name,Vendor Assessment ID,Points Earned,Max Points,Exported %,Recalculated %,Export-Recalc Delta,Raw Score,Rank,Percentile,Course,Course ID
2026-01-Q1-STU-9020F6FE8D99,STU-9020F6FE8D99,Jan 2026,2026-01,2026-01-Q1,Quiz,1,Quiz 1A - Blenis - 011526,2457836,19,20,0.95,0.95,0,19,1,0.857143,Mental Health Nursing-Blenis,16356.202610
2026-01-Q1-STU-F01B19C38F0A,STU-F01B19C38F0A,Jan 2026,2026-01,2026-01-Q1,Quiz,1,Quiz 1A - Blenis - 011526,2457836,18,20,0.9,0.9,0,18,5,0.535714,Mental Health Nursing-Blenis,16356.202610
2026-01-Q1-STU-E2559618B841,STU-E2559618B841,Jan 2026,2026-01,2026-01-Q1,Quiz,1,Quiz 1A - Blenis - 011526,2457836,17,20,0.85,0.85,0,17,10,0.25,Mental Health Nursing-Blenis,16356.202610
2026-01-Q1-STU-72D0B8280C69,STU-72D0B8280C69,Jan 2026,2026-01,2026-01-Q1,Quiz,1,Quiz 1A - Blenis - 011526,2457836,18,20,0.9,0.9,0,18,5,0.535714,Mental Health Nursing-Blenis,16356.202610
2026-01-Q1-STU-5EE137EAE9A9,STU-5EE137EAE9A9,Jan 2026,2026-01,2026-01-Q1,Quiz,1,Quiz 1A - Blenis - 011526,2457836,19,20,0.95,0.95,0,19,1,0.857143,Mental Health Nursing-Blenis,16356.202610
2026-01-Q1-STU-5B8FEB7FAD51,STU-5B8FEB7FAD51,Jan 2026,2026-01,2026-01-Q1,Quiz,1,Quiz 1A - Blenis - 011526,2457836,15,20,0.75,0.75,0,15,13,0.071429,Mental Health Nursing-Blenis,16356.202610
2026-01-Q1-STU-72E288818447,STU-72E288818447,Jan 2026,2026-01,2026-01-Q1,Quiz,1,Quiz 1A - Blenis - 011526,2457836,15,20,0.75,0.75,0,15,13,0.071429,Mental Health Nursing-Blenis,16356.202610
2026-01-Q1-STU-9A81C029357A,STU-9A81C029357A,Jan 2026,2026-01,2026-01-Q1,Quiz,1,Quiz 1A - Blenis - 011526,2457836,17,20,0.85,0.85,0,17,10,0.25,Mental Health Nursing-Blenis,16356.202610
2026-01-Q1-STU-13F2F95CB050,STU-13F2F95CB050,Jan 2026,2026-01,2026-01-Q1,Quiz,1,Quiz 1A - Blenis - 011526,2457836,18,20,0.9,0.9,0,18,5,0.535714,Mental Health Nursing-Blenis,16356.202610
2026-01-Q1-STU-A2BC11F2136F,STU-A2BC11F2136F,Jan 2026,2026-01,2026-01-Q1,Quiz,1,Quiz 1A - Blenis - 011526,2457836,18,20,0.9,0.9,0,18,5,0.535714,Mental Health Nursing-Blenis,16356.202610
2026-01-Q1-STU-9E5CD42D978A,STU-9E5CD42D978A,Jan 2026,2026-01,2026-01-Q1,Quiz,1,Quiz 1A - Blenis - 011526,2457836,18,20,0.9,0.9,0,18,5,0.535714,Mental Health Nursing-Blenis,16356.202610
2026-01-Q1-STU-C15A908DE5D5,STU-C15A908DE5D5,Jan 2026,2026-01,2026-01-Q1,Quiz,1,Quiz 1A - Blenis - 011526,2457836,17,20,0.85,0.85,0,17,10,0.25,Mental Health Nursing-Blenis,16356.202610
2026-01-Q1-STU-6173ED6DCF33,STU-6173ED6DCF33,Jan 2026,2026-01,2026-01-Q1,Quiz,1,Quiz 1A - Blenis - 011526,2457836,19,20,0.95,0.95,0,19,1,0.857143,Mental Health Nursing-Blenis,16356.202610
2026-01-Q1-STU-938EE4C25ADB,STU-938EE4C25ADB,Jan 2026,2026-01,2026-01-Q1,Quiz,1,Quiz 1A - Blenis - 011526,2457836,19,20,0.95,0.95,0,19,1,0.857143,Mental Health Nursing-Blenis,16356.202610
2026-01-Q2-STU-9020F6FE8D99,STU-9020F6FE8D99,Jan 2026,2026-01,2026-01-Q2,Quiz,2,N326_Blenis_Quiz2_ATL_012225,2486904,18.62,19.95,0.933333,0.9333333333333335,-3.333333334909483e-7,14,2,0.785714,Mental Health Nursing-Blenis,16356.202610
2026-01-Q2-STU-F01B19C38F0A,STU-F01B19C38F0A,Jan 2026,2026-01,2026-01-Q2,Quiz,2,N326_Blenis_Quiz2_ATL_012225,2486904,17.29,19.95,0.8666670000000001,0.8666666666666667,3.33333333379926e-7,13,6,0.46428600000000003,Mental Health Nursing-Blenis,16356.202610
2026-01-Q2-STU-E2559618B841,STU-E2559618B841,Jan 2026,2026-01,2026-01-Q2,Quiz,2,N326_Blenis_Quiz2_ATL_012225,2486904,14.63,19.95,0.7333329999999999,0.7333333333333334,-3.333333334909483e-7,11,11,0.214286,Mental Health Nursing-Blenis,16356.202610
2026-01-Q2-STU-72D0B8280C69,STU-72D0B8280C69,Jan 2026,2026-01,2026-01-Q2,Quiz,2,N326_Blenis_Quiz2_ATL_012225,2486904,14.63,19.95,0.7333329999999999,0.7333333333333334,-3.333333334909483e-7,11,11,0.214286,Mental Health Nursing-Blenis,16356.202610
2026-01-Q2-STU-5EE137EAE9A9,STU-5EE137EAE9A9,Jan 2026,2026-01,2026-01-Q2,Quiz,2,N326_Blenis_Quiz2_ATL_012225,2486904,18.62,19.95,0.933333,0.9333333333333335,-3.333333334909483e-7,14,2,0.785714,Mental Health Nursing-Blenis,16356.202610
2026-01-Q2-STU-5B8FEB7FAD51,STU-5B8FEB7FAD51,Jan 2026,2026-01,2026-01-Q2,Quiz,2,N326_Blenis_Quiz2_ATL_012225,2486904,13.3,19.95,0.666667,0.6666666666666667,3.333333332689037e-7,10,13,0.107143,Mental Health Nursing-Blenis,16356.202610
2026-01-Q2-STU-72E288818447,STU-72E288818447,Jan 2026,2026-01,2026-01-Q2,Quiz,2,N326_Blenis_Quiz2_ATL_012225,2486904,17.29,19.95,0.8666670000000001,0.8666666666666667,3.33333333379926e-7,13,6,0.46428600000000003,Mental Health Nursing-Blenis,16356.202610
2026-01-Q2-STU-9A81C029357A,STU-9A81C029357A,Jan 2026,2026-01,2026-01-Q2,Quiz,2,N326_Blenis_Quiz2_ATL_012225,2486904,17.29,19.95,0.8666670000000001,0.8666666666666667,3.33333333379926e-7,13,6,0.46428600000000003,Mental Health Nursing-Blenis,16356.202610
2026-01-Q2-STU-13F2F95CB050,STU-13F2F95CB050,Jan 2026,2026-01,2026-01-Q2,Quiz,2,N326_Blenis_Quiz2_ATL_012225,2486904,18.62,19.95,0.933333,0.9333333333333335,-3.333333334909483e-7,14,2,0.785714,Mental Health Nursing-Blenis,16356.202610
2026-01-Q2-STU-A2BC11F2136F,STU-A2BC11F2136F,Jan 2026,2026-01,2026-01-Q2,Quiz,2,N326_Blenis_Quiz2_ATL_012225,2486904,19.95,19.95,1,1,0,15,1,0.964286,Mental Health Nursing-Blenis,16356.202610
2026-01-Q2-STU-9E5CD42D978A,STU-9E5CD42D978A,Jan 2026,2026-01,2026-01-Q2,Quiz,2,N326_Blenis_Quiz2_ATL_012225,2486904,17.29,19.95,0.8666670000000001,0.8666666666666667,3.33333333379926e-7,13,6,0.46428600000000003,Mental Health Nursing-Blenis,16356.202610
2026-01-Q2-STU-C15A908DE5D5,STU-C15A908DE5D5,Jan 2026,2026-01,2026-01-Q2,Quiz,2,N326_Blenis_Quiz2_ATL_012225,2486904,11.97,19.95,0.6,0.6000000000000001,-1.1102230246251565e-16,9,14,0.035714,Mental Health Nursing-Blenis,16356.202610
2026-01-Q2-STU-6173ED6DCF33,STU-6173ED6DCF33,Jan 2026,2026-01,2026-01-Q2,Quiz,2,N326_Blenis_Quiz2_ATL_012225,2486904,17.29,19.95,0.8666670000000001,0.8666666666666667,3.33333333379926e-7,13,6,0.46428600000000003,Mental Health Nursing-Blenis,16356.202610
2026-01-Q2-STU-938EE4C25ADB,STU-938EE4C25ADB,Jan 2026,2026-01,2026-01-Q2,Quiz,2,N326_Blenis_Quiz2_ATL_012225,2486904,18.62,19.95,0.933333,0.9333333333333335,-3.333333334909483e-7,14,2,0.785714,Mental Health Nursing-Blenis,16356.202610
2026-01-Q3-STU-9020F6FE8D99,STU-9020F6FE8D99,Jan 2026,2026-01,2026-01-Q3,Quiz,3,N326_Blenis_Quiz3_ATL,2500886,17.888333,20,0.894417,0.8944166499999999,3.500000000933312e-7,13.416667,5,0.678571,Mental Health Nursing-Blenis,16356.202610
2026-01-Q3-STU-F01B19C38F0A,STU-F01B19C38F0A,Jan 2026,2026-01,2026-01-Q3,Quiz,3,N326_Blenis_Quiz3_ATL,2500886,15.218333,20,0.7609170000000001,0.76091665,3.500000000933312e-7,11.416667,13,0.107143,Mental Health Nursing-Blenis,16356.202610
2026-01-Q3-STU-E2559618B841,STU-E2559618B841,Jan 2026,2026-01,2026-01-Q3,Quiz,3,N326_Blenis_Quiz3_ATL,2500886,19.106667,20,0.955333,0.9553333500000001,-3.500000000933312e-7,14.333333,2,0.892857,Mental Health Nursing-Blenis,16356.202610
2026-01-Q3-STU-72D0B8280C69,STU-72D0B8280C69,Jan 2026,2026-01,2026-01-Q3,Quiz,3,N326_Blenis_Quiz3_ATL,2500886,19.218333,20,0.960917,0.96091665,3.499999999823089e-7,14.416667,1,0.964286,Mental Health Nursing-Blenis,16356.202610
2026-01-Q3-STU-5EE137EAE9A9,STU-5EE137EAE9A9,Jan 2026,2026-01,2026-01-Q3,Quiz,3,N326_Blenis_Quiz3_ATL,2500886,17.34,20,0.867,0.867,0,13,6,0.607143,Mental Health Nursing-Blenis,16356.202610
2026-01-Q3-STU-5B8FEB7FAD51,STU-5B8FEB7FAD51,Jan 2026,2026-01,2026-01-Q3,Quiz,3,N326_Blenis_Quiz3_ATL,2500886,16.446667,20,0.822333,0.8223333500000001,-3.500000000933312e-7,12.333333,11,0.25,Mental Health Nursing-Blenis,16356.202610
2026-01-Q3-STU-72E288818447,STU-72E288818447,Jan 2026,2026-01,2026-01-Q3,Quiz,3,N326_Blenis_Quiz3_ATL,2500886,16.01,20,0.8005,0.8005000000000001,-1.1102230246251565e-16,12,12,0.17857099999999998,Mental Health Nursing-Blenis,16356.202610
2026-01-Q3-STU-9A81C029357A,STU-9A81C029357A,Jan 2026,2026-01,2026-01-Q3,Quiz,3,N326_Blenis_Quiz3_ATL,2500886,16.893333,20,0.8446670000000001,0.84466665,3.500000000933312e-7,12.666667,9,0.392857,Mental Health Nursing-Blenis,16356.202610
2026-01-Q3-STU-13F2F95CB050,STU-13F2F95CB050,Jan 2026,2026-01,2026-01-Q3,Quiz,3,N326_Blenis_Quiz3_ATL,2500886,18.67,20,0.9335,0.9335000000000001,-1.1102230246251565e-16,14,3,0.821429,Mental Health Nursing-Blenis,16356.202610
2026-01-Q3-STU-A2BC11F2136F,STU-A2BC11F2136F,Jan 2026,2026-01,2026-01-Q3,Quiz,3,N326_Blenis_Quiz3_ATL,2500886,16.883333,20,0.8441670000000001,0.84416665,3.500000000933312e-7,12.666667,10,0.32142899999999996,Mental Health Nursing-Blenis,16356.202610
2026-01-Q3-STU-9E5CD42D978A,STU-9E5CD42D978A,Jan 2026,2026-01,2026-01-Q3,Quiz,3,N326_Blenis_Quiz3_ATL,2500886,14.345,20,0.7172499999999999,0.71725,-1.1102230246251565e-16,10.75,14,0.035714,Mental Health Nursing-Blenis,16356.202610
2026-01-Q3-STU-C15A908DE5D5,STU-C15A908DE5D5,Jan 2026,2026-01,2026-01-Q3,Quiz,3,N326_Blenis_Quiz3_ATL,2500886,17.005,20,0.8502500000000001,0.85025,1.1102230246251565e-16,12.75,7,0.535714,Mental Health Nursing-Blenis,16356.202610
2026-01-Q3-STU-6173ED6DCF33,STU-6173ED6DCF33,Jan 2026,2026-01,2026-01-Q3,Quiz,3,N326_Blenis_Quiz3_ATL,2500886,18.335,20,0.91675,0.9167500000000001,-1.1102230246251565e-16,13.75,4,0.75,Mental Health Nursing-Blenis,16356.202610
2026-01-Q3-STU-938EE4C25ADB,STU-938EE4C25ADB,Jan 2026,2026-01,2026-01-Q3,Quiz,3,N326_Blenis_Quiz3_ATL,2500886,16.985,20,0.84925,0.84925,0,12.75,8,0.46428600000000003,Mental Health Nursing-Blenis,16356.202610
2026-01-Q4-STU-9020F6FE8D99,STU-9020F6FE8D99,Jan 2026,2026-01,2026-01-Q4,Quiz,4,N326_Blenis_Quiz4_ATL,2524388,13.763333,20,0.688167,0.68816665,3.499999999823089e-7,10.333333,9,0.392857,Mental Health Nursing-Blenis,16356.202610
2026-01-Q4-STU-F01B19C38F0A,STU-F01B19C38F0A,Jan 2026,2026-01,2026-01-Q4,Quiz,4,N326_Blenis_Quiz4_ATL,2524388,11.546667,20,0.577333,0.57733335,-3.499999999823089e-7,8.666667,12,0.142857,Mental Health Nursing-Blenis,16356.202610
2026-01-Q4-STU-E2559618B841,STU-E2559618B841,Jan 2026,2026-01,2026-01-Q4,Quiz,4,N326_Blenis_Quiz4_ATL,2524388,17.34,20,0.867,0.867,0,13,2,0.892857,Mental Health Nursing-Blenis,16356.202610
2026-01-Q4-STU-72D0B8280C69,STU-72D0B8280C69,Jan 2026,2026-01,2026-01-Q4,Quiz,4,N326_Blenis_Quiz4_ATL,2524388,15.556667,20,0.777833,0.77783335,-3.499999999823089e-7,11.666667,4,0.75,Mental Health Nursing-Blenis,16356.202610
2026-01-Q4-STU-5EE137EAE9A9,STU-5EE137EAE9A9,Jan 2026,2026-01,2026-01-Q4,Quiz,4,N326_Blenis_Quiz4_ATL,2524388,18.67,20,0.9335,0.9335000000000001,-1.1102230246251565e-16,14,1,0.964286,Mental Health Nursing-Blenis,16356.202610
2026-01-Q4-STU-5B8FEB7FAD51,STU-5B8FEB7FAD51,Jan 2026,2026-01,2026-01-Q4,Quiz,4,N326_Blenis_Quiz4_ATL,2524388,14.66,20,0.733,0.733,0,11,6,0.607143,Mental Health Nursing-Blenis,16356.202610
2026-01-Q4-STU-72E288818447,STU-72E288818447,Jan 2026,2026-01,2026-01-Q4,Quiz,4,N326_Blenis_Quiz4_ATL,2524388,11.103333,20,0.555167,0.55516665,3.499999999823089e-7,8.333333,14,0.035714,Mental Health Nursing-Blenis,16356.202610
2026-01-Q4-STU-9A81C029357A,STU-9A81C029357A,Jan 2026,2026-01,2026-01-Q4,Quiz,4,N326_Blenis_Quiz4_ATL,2524388,14.206667,20,0.710333,0.71033335,-3.499999999823089e-7,10.666667,7,0.535714,Mental Health Nursing-Blenis,16356.202610
2026-01-Q4-STU-13F2F95CB050,STU-13F2F95CB050,Jan 2026,2026-01,2026-01-Q4,Quiz,4,N326_Blenis_Quiz4_ATL,2524388,13.773333,20,0.6886669999999999,0.6886666499999999,3.499999999823089e-7,10.333333,8,0.46428600000000003,Mental Health Nursing-Blenis,16356.202610
2026-01-Q4-STU-A2BC11F2136F,STU-A2BC11F2136F,Jan 2026,2026-01,2026-01-Q4,Quiz,4,N326_Blenis_Quiz4_ATL,2524388,17.32,20,0.866,0.866,0,13,3,0.821429,Mental Health Nursing-Blenis,16356.202610
2026-01-Q4-STU-9E5CD42D978A,STU-9E5CD42D978A,Jan 2026,2026-01,2026-01-Q4,Quiz,4,N326_Blenis_Quiz4_ATL,2524388,15.093333,20,0.754667,0.75466665,3.499999999823089e-7,11.333333,5,0.678571,Mental Health Nursing-Blenis,16356.202610
2026-01-Q4-STU-C15A908DE5D5,STU-C15A908DE5D5,Jan 2026,2026-01,2026-01-Q4,Quiz,4,N326_Blenis_Quiz4_ATL,2524388,11.556667,20,0.5778329999999999,0.5778333499999999,-3.499999999823089e-7,8.666667,11,0.25,Mental Health Nursing-Blenis,16356.202610
2026-01-Q4-STU-6173ED6DCF33,STU-6173ED6DCF33,Jan 2026,2026-01,2026-01-Q4,Quiz,4,N326_Blenis_Quiz4_ATL,2524388,13.33,20,0.6665000000000001,0.6665,1.1102230246251565e-16,10,10,0.32142899999999996,Mental Health Nursing-Blenis,16356.202610
2026-01-Q4-STU-938EE4C25ADB,STU-938EE4C25ADB,Jan 2026,2026-01,2026-01-Q4,Quiz,4,N326_Blenis_Quiz4_ATL,2524388,11.546667,20,0.577333,0.57733335,-3.499999999823089e-7,8.666667,12,0.142857,Mental Health Nursing-Blenis,16356.202610
2026-01-Q5-STU-9020F6FE8D99,STU-9020F6FE8D99,Jan 2026,2026-01,2026-01-Q5,Quiz,5,Quiz5A_Blenis_N326_ATL (Duplicate),2535037,14.236667,20,0.711833,0.71183335,-3.499999999823089e-7,10.666667,12,0.17857099999999998,Mental Health Nursing-Blenis,16356.202610
2026-01-Q5-STU-F01B19C38F0A,STU-F01B19C38F0A,Jan 2026,2026-01,2026-01-Q5,Quiz,5,Quiz5A_Blenis_N326_ATL (Duplicate),2535037,15.0125,20,0.750625,0.750625,0,11.25,10,0.32142899999999996,Mental Health Nursing-Blenis,16356.202610
2026-01-Q5-STU-E2559618B841,STU-E2559618B841,Jan 2026,2026-01,2026-01-Q5,Quiz,5,Quiz5A_Blenis_N326_ATL (Duplicate),2535037,18.226667,20,0.9113330000000001,0.9113333499999999,-3.499999998712866e-7,13.666667,3,0.821429,Mental Health Nursing-Blenis,16356.202610
2026-01-Q5-STU-72D0B8280C69,STU-72D0B8280C69,Jan 2026,2026-01,2026-01-Q5,Quiz,5,Quiz5A_Blenis_N326_ATL (Duplicate),2535037,14.216667,20,0.7108329999999999,0.7108333499999999,-3.499999999823089e-7,10.666667,13,0.107143,Mental Health Nursing-Blenis,16356.202610
2026-01-Q5-STU-5EE137EAE9A9,STU-5EE137EAE9A9,Jan 2026,2026-01,2026-01-Q5,Quiz,5,Quiz5A_Blenis_N326_ATL (Duplicate),2535037,19.335,20,0.96675,0.96675,0,14.5,1,0.964286,Mental Health Nursing-Blenis,16356.202610
2026-01-Q5-STU-5B8FEB7FAD51,STU-5B8FEB7FAD51,Jan 2026,2026-01,2026-01-Q5,Quiz,5,Quiz5A_Blenis_N326_ATL (Duplicate),2535037,14.3475,20,0.717375,0.717375,0,10.75,11,0.25,Mental Health Nursing-Blenis,16356.202610
2026-01-Q5-STU-72E288818447,STU-72E288818447,Jan 2026,2026-01,2026-01-Q5,Quiz,5,Quiz5A_Blenis_N326_ATL (Duplicate),2535037,16.554167,20,0.8277079999999999,0.82770835,-3.500000000933312e-7,12.416667,8,0.46428600000000003,Mental Health Nursing-Blenis,16356.202610
2026-01-Q5-STU-9A81C029357A,STU-9A81C029357A,Jan 2026,2026-01,2026-01-Q5,Quiz,5,Quiz5A_Blenis_N326_ATL (Duplicate),2535037,16.564167,20,0.828208,0.82820835,-3.499999999823089e-7,12.416667,7,0.535714,Mental Health Nursing-Blenis,16356.202610
2026-01-Q5-STU-13F2F95CB050,STU-13F2F95CB050,Jan 2026,2026-01,2026-01-Q5,Quiz,5,Quiz5A_Blenis_N326_ATL (Duplicate),2535037,16.675,20,0.83375,0.83375,0,12.5,6,0.607143,Mental Health Nursing-Blenis,16356.202610
2026-01-Q5-STU-A2BC11F2136F,STU-A2BC11F2136F,Jan 2026,2026-01,2026-01-Q5,Quiz,5,Quiz5A_Blenis_N326_ATL (Duplicate),2535037,17.34,20,0.867,0.867,0,13,4,0.75,Mental Health Nursing-Blenis,16356.202610
2026-01-Q5-STU-9E5CD42D978A,STU-9E5CD42D978A,Jan 2026,2026-01,2026-01-Q5,Quiz,5,Quiz5A_Blenis_N326_ATL (Duplicate),2535037,15.234167,20,0.761708,0.7617083499999999,-3.499999998712866e-7,11.416667,9,0.392857,Mental Health Nursing-Blenis,16356.202610
2026-01-Q5-STU-C15A908DE5D5,STU-C15A908DE5D5,Jan 2026,2026-01,2026-01-Q5,Quiz,5,Quiz5A_Blenis_N326_ATL (Duplicate),2535037,18.67,20,0.9335,0.9335000000000001,-1.1102230246251565e-16,14,2,0.892857,Mental Health Nursing-Blenis,16356.202610
2026-01-Q5-STU-6173ED6DCF33,STU-6173ED6DCF33,Jan 2026,2026-01,2026-01-Q5,Quiz,5,Quiz5A_Blenis_N326_ATL (Duplicate),2535037,16.876667,20,0.843833,0.84383335,-3.499999999823089e-7,12.666667,5,0.678571,Mental Health Nursing-Blenis,16356.202610
2026-01-Q5-STU-938EE4C25ADB,STU-938EE4C25ADB,Jan 2026,2026-01,2026-01-Q5,Quiz,5,Quiz5A_Blenis_N326_ATL (Duplicate),2535037,13.0175,20,0.6508750000000001,0.650875,1.1102230246251565e-16,9.75,14,0.035714,Mental Health Nursing-Blenis,16356.202610
2026-01-E2-STU-9020F6FE8D99,STU-9020F6FE8D99,Jan 2026,2026-01,2026-01-E2,Exam,2,W8 NR326 Exam 2,2542108,109.017857,140,0.778699,0.7786989785714287,2.1428571361781223e-8,44.607143,9,0.392857,Mental Health Nursing-Blenis,16356.202610
2026-01-E2-STU-F01B19C38F0A,STU-F01B19C38F0A,Jan 2026,2026-01,2026-01-E2,Exam,2,W8 NR326 Exam 2,2542108,112.535714,140,0.803827,0.8038265285714286,4.7142857140247685e-7,46.014286,6,0.607143,Mental Health Nursing-Blenis,16356.202610
2026-01-E2-STU-E2559618B841,STU-E2559618B841,Jan 2026,2026-01,2026-01-E2,Exam,2,W8 NR326 Exam 2,2542108,109.791667,140,0.784226,0.7842261928571429,-1.9285714292216483e-7,44.916667,8,0.46428600000000003,Mental Health Nursing-Blenis,16356.202610
2026-01-E2-STU-72D0B8280C69,STU-72D0B8280C69,Jan 2026,2026-01,2026-01-E2,Exam,2,W8 NR326 Exam 2,2542108,115.386905,140,0.824192,0.8241921785714286,-1.785714285329476e-7,47.154762,3,0.821429,Mental Health Nursing-Blenis,16356.202610
2026-01-E2-STU-5EE137EAE9A9,STU-5EE137EAE9A9,Jan 2026,2026-01,2026-01-E2,Exam,2,W8 NR326 Exam 2,2542108,113.541667,140,0.8110120000000001,0.8110119071428572,9.285714286377811e-8,46.416667,5,0.678571,Mental Health Nursing-Blenis,16356.202610
2026-01-E2-STU-5B8FEB7FAD51,STU-5B8FEB7FAD51,Jan 2026,2026-01,2026-01-E2,Exam,2,W8 NR326 Exam 2,2542108,105.47619,140,0.7534010000000001,0.7534013571428572,-3.571428570658952e-7,43.190476,12,0.17857099999999998,Mental Health Nursing-Blenis,16356.202610
2026-01-E2-STU-72E288818447,STU-72E288818447,Jan 2026,2026-01,2026-01-E2,Exam,2,W8 NR326 Exam 2,2542108,99.553571,140,0.7110970000000001,0.7110969357142858,6.428571430738828e-8,40.821429,14,0.035714,Mental Health Nursing-Blenis,16356.202610
2026-01-E2-STU-9A81C029357A,STU-9A81C029357A,Jan 2026,2026-01,2026-01-E2,Exam,2,W8 NR326 Exam 2,2542108,104.583333,140,0.747024,0.7470238071428571,1.9285714292216483e-7,42.833333,13,0.107143,Mental Health Nursing-Blenis,16356.202610
2026-01-E2-STU-13F2F95CB050,STU-13F2F95CB050,Jan 2026,2026-01,2026-01-E2,Exam,2,W8 NR326 Exam 2,2542108,122.559524,140,0.875425,0.8754251714285713,-1.71428571338339e-7,50.02381,1,0.964286,Mental Health Nursing-Blenis,16356.202610
2026-01-E2-STU-A2BC11F2136F,STU-A2BC11F2136F,Jan 2026,2026-01,2026-01-E2,Exam,2,W8 NR326 Exam 2,2542108,111.160714,140,0.794005,0.7940051,-1.0000000005838672e-7,45.464286,7,0.535714,Mental Health Nursing-Blenis,16356.202610
2026-01-E2-STU-9E5CD42D978A,STU-9E5CD42D978A,Jan 2026,2026-01,2026-01-E2,Exam,2,W8 NR326 Exam 2,2542108,121.369048,140,0.866922,0.8669217714285715,2.2857142845111866e-7,49.547619,2,0.892857,Mental Health Nursing-Blenis,16356.202610
2026-01-E2-STU-C15A908DE5D5,STU-C15A908DE5D5,Jan 2026,2026-01,2026-01-E2,Exam,2,W8 NR326 Exam 2,2542108,105.535714,140,0.753827,0.7538265285714285,4.7142857151349915e-7,43.214286,11,0.25,Mental Health Nursing-Blenis,16356.202610
2026-01-E2-STU-6173ED6DCF33,STU-6173ED6DCF33,Jan 2026,2026-01,2026-01-E2,Exam,2,W8 NR326 Exam 2,2542108,114.553571,140,0.81824,0.8182397928571429,2.0714285708933744e-7,46.821429,4,0.75,Mental Health Nursing-Blenis,16356.202610
2026-01-E2-STU-938EE4C25ADB,STU-938EE4C25ADB,Jan 2026,2026-01,2026-01-E2,Exam,2,W8 NR326 Exam 2,2542108,108.303571,140,0.7735970000000001,0.7735969357142858,6.428571430738828e-8,44.321429,10,0.32142899999999996,Mental Health Nursing-Blenis,16356.202610
2026-03-Q1-STU-C8C1F239ED8A,STU-C8C1F239ED8A,Mar 2026,2026-03,2026-03-Q1,Quiz,1,N326 Quiz 1 Atlanta March 2026 Blenis,2560260,17.33,20,0.8665,0.8664999999999999,1.1102230246251565e-16,13,5,0.722222,Mental Health Nursing-Blenis,68546.202620
2026-03-Q1-STU-D5C0A676D520,STU-D5C0A676D520,Mar 2026,2026-03,2026-03-Q1,Quiz,1,N326 Quiz 1 Atlanta March 2026 Blenis,2560260,10.226667,20,0.511333,0.51133335,-3.499999999823089e-7,7.666667,18,0.027778,Mental Health Nursing-Blenis,68546.202620
2026-03-Q1-STU-D1C70B6BC1F0,STU-D1C70B6BC1F0,Mar 2026,2026-03,2026-03-Q1,Quiz,1,N326 Quiz 1 Atlanta March 2026 Blenis,2560260,14.206667,20,0.710333,0.71033335,-3.499999999823089e-7,10.666667,17,0.08333299999999999,Mental Health Nursing-Blenis,68546.202620
2026-03-Q1-STU-763999D6A212,STU-763999D6A212,Mar 2026,2026-03,2026-03-Q1,Quiz,1,N326 Quiz 1 Atlanta March 2026 Blenis,2560260,16.443333,20,0.822167,0.82216665,3.499999999823089e-7,12.333333,9,0.527778,Mental Health Nursing-Blenis,68546.202620
2026-03-Q1-STU-E0FAD8FA4DF9,STU-E0FAD8FA4DF9,Mar 2026,2026-03,2026-03-Q1,Quiz,1,N326 Quiz 1 Atlanta March 2026 Blenis,2560260,20,20,1,1,0,15,1,0.972222,Mental Health Nursing-Blenis,68546.202620
2026-03-Q1-STU-C27C80314438,STU-C27C80314438,Mar 2026,2026-03,2026-03-Q1,Quiz,1,N326 Quiz 1 Atlanta March 2026 Blenis,2560260,17.33,20,0.8665,0.8664999999999999,1.1102230246251565e-16,13,5,0.722222,Mental Health Nursing-Blenis,68546.202620
2026-03-Q1-STU-8BE7645A90A7,STU-8BE7645A90A7,Mar 2026,2026-03,2026-03-Q1,Quiz,1,N326 Quiz 1 Atlanta March 2026 Blenis,2560260,15.556667,20,0.777833,0.77783335,-3.499999999823089e-7,11.666667,12,0.333333,Mental Health Nursing-Blenis,68546.202620
2026-03-Q1-STU-6E7C54425CB7,STU-6E7C54425CB7,Mar 2026,2026-03,2026-03-Q1,Quiz,1,N326 Quiz 1 Atlanta March 2026 Blenis,2560260,16,20,0.8,0.8,0,12,11,0.416667,Mental Health Nursing-Blenis,68546.202620
2026-03-Q1-STU-E3CE1A586010,STU-E3CE1A586010,Mar 2026,2026-03,2026-03-Q1,Quiz,1,N326 Quiz 1 Atlanta March 2026 Blenis,2560260,15.113333,20,0.755667,0.75566665,3.499999999823089e-7,11.333333,14,0.25,Mental Health Nursing-Blenis,68546.202620
2026-03-Q1-STU-D4A784F4F7A2,STU-D4A784F4F7A2,Mar 2026,2026-03,2026-03-Q1,Quiz,1,N326 Quiz 1 Atlanta March 2026 Blenis,2560260,18.67,20,0.9335,0.9335000000000001,-1.1102230246251565e-16,14,2,0.888889,Mental Health Nursing-Blenis,68546.202620
2026-03-Q1-STU-1110F21DCC30,STU-1110F21DCC30,Mar 2026,2026-03,2026-03-Q1,Quiz,1,N326 Quiz 1 Atlanta March 2026 Blenis,2560260,18.67,20,0.9335,0.9335000000000001,-1.1102230246251565e-16,14,2,0.888889,Mental Health Nursing-Blenis,68546.202620
2026-03-Q1-STU-18903A6A9F61,STU-18903A6A9F61,Mar 2026,2026-03,2026-03-Q1,Quiz,1,N326 Quiz 1 Atlanta March 2026 Blenis,2560260,14.68,20,0.7340000000000001,0.734,1.1102230246251565e-16,11,15,0.194444,Mental Health Nursing-Blenis,68546.202620
2026-03-Q1-STU-A5EFC1A8B17C,STU-A5EFC1A8B17C,Mar 2026,2026-03,2026-03-Q1,Quiz,1,N326 Quiz 1 Atlanta March 2026 Blenis,2560260,18.226667,20,0.9113330000000001,0.9113333499999999,-3.499999998712866e-7,13.666667,4,0.8055559999999999,Mental Health Nursing-Blenis,68546.202620
2026-03-Q1-STU-4C73DE6AB7EF,STU-4C73DE6AB7EF,Mar 2026,2026-03,2026-03-Q1,Quiz,1,N326 Quiz 1 Atlanta March 2026 Blenis,2560260,14.67,20,0.7334999999999999,0.7335,-1.1102230246251565e-16,11,16,0.13888899999999998,Mental Health Nursing-Blenis,68546.202620
2026-03-Q1-STU-52036781AF82,STU-52036781AF82,Mar 2026,2026-03,2026-03-Q1,Quiz,1,N326 Quiz 1 Atlanta March 2026 Blenis,2560260,16.886667,20,0.844333,0.84433335,-3.499999999823089e-7,12.666667,7,0.611111,Mental Health Nursing-Blenis,68546.202620
2026-03-Q1-STU-B2FD0191E426,STU-B2FD0191E426,Mar 2026,2026-03,2026-03-Q1,Quiz,1,N326 Quiz 1 Atlanta March 2026 Blenis,2560260,16.886667,20,0.844333,0.84433335,-3.499999999823089e-7,12.666667,7,0.611111,Mental Health Nursing-Blenis,68546.202620
2026-03-Q1-STU-F177609862D1,STU-F177609862D1,Mar 2026,2026-03,2026-03-Q1,Quiz,1,N326 Quiz 1 Atlanta March 2026 Blenis,2560260,15.556667,20,0.777833,0.77783335,-3.499999999823089e-7,11.666667,12,0.333333,Mental Health Nursing-Blenis,68546.202620
2026-03-Q1-STU-63E48A24CA0B,STU-63E48A24CA0B,Mar 2026,2026-03,2026-03-Q1,Quiz,1,N326 Quiz 1 Atlanta March 2026 Blenis,2560260,16.01,20,0.8005,0.8005000000000001,-1.1102230246251565e-16,12,10,0.47222200000000003,Mental Health Nursing-Blenis,68546.202620
2026-03-Q2-STU-C8C1F239ED8A,STU-C8C1F239ED8A,Mar 2026,2026-03,2026-03-Q2,Quiz,2,N326 Quiz 2 Atlanta March 2026 Blenis,2584769,18.386667,19.6,0.938095,0.9380952551020407,-2.5510204071377274e-7,13.133333,4,0.789474,Mental Health Nursing-Blenis,68546.202620
2026-03-Q2-STU-D5C0A676D520,STU-D5C0A676D520,Mar 2026,2026-03,2026-03-Q2,Quiz,2,N326 Quiz 2 Atlanta March 2026 Blenis,2584769,17.266667,19.6,0.8809520000000001,0.8809523979591837,-3.979591836067442e-7,12.333333,10,0.5,Mental Health Nursing-Blenis,68546.202620
2026-03-Q2-STU-D1C70B6BC1F0,STU-D1C70B6BC1F0,Mar 2026,2026-03,2026-03-Q2,Quiz,2,N326 Quiz 2 Atlanta March 2026 Blenis,2584769,18.573333,19.6,0.947619,0.947619030612245,-3.0612244961147894e-8,13.266667,2,0.8947369999999999,Mental Health Nursing-Blenis,68546.202620
2026-03-Q2-STU-763999D6A212,STU-763999D6A212,Mar 2026,2026-03,2026-03-Q2,Quiz,2,N326 Quiz 2 Atlanta March 2026 Blenis,2584769,15.586667,19.6,0.7952379999999999,0.7952381122448979,-1.1224489804284588e-7,11.133333,13,0.315789,Mental Health Nursing-Blenis,68546.202620
2026-03-Q2-STU-E0FAD8FA4DF9,STU-E0FAD8FA4DF9,Mar 2026,2026-03,2026-03-Q2,Quiz,2,N326 Quiz 2 Atlanta March 2026 Blenis,2584769,15.306667,19.6,0.7809520000000001,0.7809523979591836,-3.979591834957219e-7,10.933333,15,0.236842,Mental Health Nursing-Blenis,68546.202620
2026-03-Q2-STU-C27C80314438,STU-C27C80314438,Mar 2026,2026-03,2026-03-Q2,Quiz,2,N326 Quiz 2 Atlanta March 2026 Blenis,2584769,18.386667,19.6,0.938095,0.9380952551020407,-2.5510204071377274e-7,13.133333,4,0.789474,Mental Health Nursing-Blenis,68546.202620
2026-03-Q2-STU-8BE7645A90A7,STU-8BE7645A90A7,Mar 2026,2026-03,2026-03-Q2,Quiz,2,N326 Quiz 2 Atlanta March 2026 Blenis,2584769,15.12,19.6,0.7714289999999999,0.7714285714285714,4.285714285678921e-7,10.8,16,0.18421099999999999,Mental Health Nursing-Blenis,68546.202620
2026-03-Q2-STU-6E7C54425CB7,STU-6E7C54425CB7,Mar 2026,2026-03,2026-03-Q2,Quiz,2,N326 Quiz 2 Atlanta March 2026 Blenis,2584769,18.106667,19.6,0.92381,0.9238095408163265,4.5918367352904e-7,12.933333,7,0.657895,Mental Health Nursing-Blenis,68546.202620
2026-03-Q2-STU-E3CE1A586010,STU-E3CE1A586010,Mar 2026,2026-03,2026-03-Q2,Quiz,2,N326 Quiz 2 Atlanta March 2026 Blenis,2584769,18.853333,19.6,0.961905,0.9619047448979591,2.5510204093581734e-7,13.466667,1,0.973684,Mental Health Nursing-Blenis,68546.202620
2026-03-Q2-STU-D4A784F4F7A2,STU-D4A784F4F7A2,Mar 2026,2026-03,2026-03-Q2,Quiz,2,N326 Quiz 2 Atlanta March 2026 Blenis,2584769,15.586667,19.6,0.7952379999999999,0.7952381122448979,-1.1224489804284588e-7,11.133333,13,0.315789,Mental Health Nursing-Blenis,68546.202620
2026-03-Q2-STU-1110F21DCC30,STU-1110F21DCC30,Mar 2026,2026-03,2026-03-Q2,Quiz,2,N326 Quiz 2 Atlanta March 2026 Blenis,2584769,17.453333,19.6,0.890476,0.8904761734693877,-1.7346938763207476e-7,12.466667,8,0.578947,Mental Health Nursing-Blenis,68546.202620
2026-03-Q2-STU-18903A6A9F61,STU-18903A6A9F61,Mar 2026,2026-03,2026-03-Q2,Quiz,2,N326 Quiz 2 Atlanta March 2026 Blenis,2584769,14.653333,19.6,0.7476189999999999,0.7476190306122449,-3.0612244961147894e-8,10.466667,17,0.131579,Mental Health Nursing-Blenis,68546.202620
2026-03-Q2-STU-A5EFC1A8B17C,STU-A5EFC1A8B17C,Mar 2026,2026-03,2026-03-Q2,Quiz,2,N326 Quiz 2 Atlanta March 2026 Blenis,2584769,13.066667,19.6,0.666667,0.6666666836734694,3.163265306360685e-7,9.333333,18,0.078947,Mental Health Nursing-Blenis,68546.202620
2026-03-Q2-STU-4C73DE6AB7EF,STU-4C73DE6AB7EF,Mar 2026,2026-03,2026-03-Q2,Quiz,2,N326 Quiz 2 Atlanta March 2026 Blenis,2584769,16.053333,19.6,0.819048,0.8190476020408162,3.979591838287888e-7,11.466667,12,0.394737,Mental Health Nursing-Blenis,68546.202620
2026-03-Q2-STU-52036781AF82,STU-52036781AF82,Mar 2026,2026-03,2026-03-Q2,Quiz,2,N326 Quiz 2 Atlanta March 2026 Blenis,2584769,17.453333,19.6,0.890476,0.8904761734693877,-1.7346938763207476e-7,12.466667,8,0.578947,Mental Health Nursing-Blenis,68546.202620
2026-03-Q2-STU-B2FD0191E426,STU-B2FD0191E426,Mar 2026,2026-03,2026-03-Q2,Quiz,2,N326 Quiz 2 Atlanta March 2026 Blenis,2584769,12.786667,19.6,0.652381,0.652380969387755,3.0612244961147894e-8,9.133333,19,0.026316000000000003,Mental Health Nursing-Blenis,68546.202620
2026-03-Q2-STU-F177609862D1,STU-F177609862D1,Mar 2026,2026-03,2026-03-Q2,Quiz,2,N326 Quiz 2 Atlanta March 2026 Blenis,2584769,18.573333,19.6,0.947619,0.947619030612245,-3.0612244961147894e-8,13.266667,2,0.8947369999999999,Mental Health Nursing-Blenis,68546.202620
2026-03-Q2-STU-259603447552,STU-259603447552,Mar 2026,2026-03,2026-03-Q2,Quiz,2,N326 Quiz 2 Atlanta March 2026 Blenis,2584769,18.2,19.6,0.928571,0.9285714285714285,-4.285714284568698e-7,13,6,0.710526,Mental Health Nursing-Blenis,68546.202620
2026-03-Q2-STU-63E48A24CA0B,STU-63E48A24CA0B,Mar 2026,2026-03,2026-03-Q2,Quiz,2,N326 Quiz 2 Atlanta March 2026 Blenis,2584769,17.173333,19.6,0.87619,0.8761904591836733,-4.591836733069954e-7,12.266667,11,0.44736800000000004,Mental Health Nursing-Blenis,68546.202620
2026-03-Q3-STU-C8C1F239ED8A,STU-C8C1F239ED8A,Mar 2026,2026-03,2026-03-Q3,Quiz,3,N326 Quiz 3 Atlanta March 2026 Blenis,2601222,19.6675,20,0.9833750000000001,0.983375,1.1102230246251565e-16,14.75,2,0.921053,Mental Health Nursing-Blenis,68546.202620
2026-03-Q3-STU-D5C0A676D520,STU-D5C0A676D520,Mar 2026,2026-03,2026-03-Q3,Quiz,3,N326 Quiz 3 Atlanta March 2026 Blenis,2601222,17.995,20,0.8997499999999999,0.89975,-1.1102230246251565e-16,13.5,9,0.552632,Mental Health Nursing-Blenis,68546.202620
2026-03-Q3-STU-D1C70B6BC1F0,STU-D1C70B6BC1F0,Mar 2026,2026-03,2026-03-Q3,Quiz,3,N326 Quiz 3 Atlanta March 2026 Blenis,2601222,20,20,1,1,0,15,1,0.973684,Mental Health Nursing-Blenis,68546.202620
2026-03-Q3-STU-763999D6A212,STU-763999D6A212,Mar 2026,2026-03,2026-03-Q3,Quiz,3,N326 Quiz 3 Atlanta March 2026 Blenis,2601222,18.67,20,0.9335,0.9335000000000001,-1.1102230246251565e-16,14,4,0.789474,Mental Health Nursing-Blenis,68546.202620
2026-03-Q3-STU-E0FAD8FA4DF9,STU-E0FAD8FA4DF9,Mar 2026,2026-03,2026-03-Q3,Quiz,3,N326 Quiz 3 Atlanta March 2026 Blenis,2601222,19.0025,20,0.950125,0.9501250000000001,-1.1102230246251565e-16,14.25,3,0.868421,Mental Health Nursing-Blenis,68546.202620
2026-03-Q3-STU-C27C80314438,STU-C27C80314438,Mar 2026,2026-03,2026-03-Q3,Quiz,3,N326 Quiz 3 Atlanta March 2026 Blenis,2601222,15.6675,20,0.783375,0.783375,0,11.75,16,0.18421099999999999,Mental Health Nursing-Blenis,68546.202620
2026-03-Q3-STU-8BE7645A90A7,STU-8BE7645A90A7,Mar 2026,2026-03,2026-03-Q3,Quiz,3,N326 Quiz 3 Atlanta March 2026 Blenis,2601222,18.67,20,0.9335,0.9335000000000001,-1.1102230246251565e-16,14,4,0.789474,Mental Health Nursing-Blenis,68546.202620
2026-03-Q3-STU-6E7C54425CB7,STU-6E7C54425CB7,Mar 2026,2026-03,2026-03-Q3,Quiz,3,N326 Quiz 3 Atlanta March 2026 Blenis,2601222,16.3325,20,0.8166249999999999,0.8166249999999999,0,12.25,14,0.289474,Mental Health Nursing-Blenis,68546.202620
2026-03-Q3-STU-E3CE1A586010,STU-E3CE1A586010,Mar 2026,2026-03,2026-03-Q3,Quiz,3,N326 Quiz 3 Atlanta March 2026 Blenis,2601222,14.3275,20,0.716375,0.716375,0,10.75,17,0.131579,Mental Health Nursing-Blenis,68546.202620
2026-03-Q3-STU-D4A784F4F7A2,STU-D4A784F4F7A2,Mar 2026,2026-03,2026-03-Q3,Quiz,3,N326 Quiz 3 Atlanta March 2026 Blenis,2601222,17.34,20,0.867,0.867,0,13,10,0.5,Mental Health Nursing-Blenis,68546.202620
2026-03-Q3-STU-1110F21DCC30,STU-1110F21DCC30,Mar 2026,2026-03,2026-03-Q3,Quiz,3,N326 Quiz 3 Atlanta March 2026 Blenis,2601222,18.3275,20,0.916375,0.916375,0,13.75,7,0.657895,Mental Health Nursing-Blenis,68546.202620
2026-03-Q3-STU-18903A6A9F61,STU-18903A6A9F61,Mar 2026,2026-03,2026-03-Q3,Quiz,3,N326 Quiz 3 Atlanta March 2026 Blenis,2601222,13.0075,20,0.6503749999999999,0.650375,-1.1102230246251565e-16,9.75,18,0.078947,Mental Health Nursing-Blenis,68546.202620
2026-03-Q3-STU-A5EFC1A8B17C,STU-A5EFC1A8B17C,Mar 2026,2026-03,2026-03-Q3,Quiz,3,N326 Quiz 3 Atlanta March 2026 Blenis,2601222,15.895833,20,0.794792,0.79479165,3.500000000933312e-7,11.916667,15,0.236842,Mental Health Nursing-Blenis,68546.202620
2026-03-Q3-STU-4C73DE6AB7EF,STU-4C73DE6AB7EF,Mar 2026,2026-03,2026-03-Q3,Quiz,3,N326 Quiz 3 Atlanta March 2026 Blenis,2601222,16.560833,20,0.828042,0.82804165,3.499999999823089e-7,12.416667,12,0.394737,Mental Health Nursing-Blenis,68546.202620
2026-03-Q3-STU-52036781AF82,STU-52036781AF82,Mar 2026,2026-03,2026-03-Q3,Quiz,3,N326 Quiz 3 Atlanta March 2026 Blenis,2601222,12.903333,20,0.645167,0.64516665,3.500000000933312e-7,9.666667,19,0.026316000000000003,Mental Health Nursing-Blenis,68546.202620
2026-03-Q3-STU-B2FD0191E426,STU-B2FD0191E426,Mar 2026,2026-03,2026-03-Q3,Quiz,3,N326 Quiz 3 Atlanta March 2026 Blenis,2601222,16.893333,20,0.8446670000000001,0.84466665,3.500000000933312e-7,12.666667,11,0.44736800000000004,Mental Health Nursing-Blenis,68546.202620
2026-03-Q3-STU-F177609862D1,STU-F177609862D1,Mar 2026,2026-03,2026-03-Q3,Quiz,3,N326 Quiz 3 Atlanta March 2026 Blenis,2601222,18.3375,20,0.916875,0.9168749999999999,1.1102230246251565e-16,13.75,6,0.710526,Mental Health Nursing-Blenis,68546.202620
2026-03-Q3-STU-259603447552,STU-259603447552,Mar 2026,2026-03,2026-03-Q3,Quiz,3,N326 Quiz 3 Atlanta March 2026 Blenis,2601222,16.3425,20,0.8171250000000001,0.8171250000000001,0,12.25,13,0.34210500000000005,Mental Health Nursing-Blenis,68546.202620
2026-03-Q3-STU-63E48A24CA0B,STU-63E48A24CA0B,Mar 2026,2026-03,2026-03-Q3,Quiz,3,N326 Quiz 3 Atlanta March 2026 Blenis,2601222,18.223333,20,0.911167,0.91116665,3.499999999823089e-7,13.666667,8,0.605263,Mental Health Nursing-Blenis,68546.202620
2026-03-Q4-STU-C8C1F239ED8A,STU-C8C1F239ED8A,Mar 2026,2026-03,2026-03-Q4,Quiz,4,N326 Quiz 4 Atlanta March 2026 Blenis,2611450,18.67,20,0.9335,0.9335000000000001,-1.1102230246251565e-16,14,6,0.710526,Mental Health Nursing-Blenis,68546.202620
2026-03-Q4-STU-D5C0A676D520,STU-D5C0A676D520,Mar 2026,2026-03,2026-03-Q4,Quiz,4,N326 Quiz 4 Atlanta March 2026 Blenis,2611450,18.005,20,0.9002500000000001,0.90025,1.1102230246251565e-16,13.5,7,0.631579,Mental Health Nursing-Blenis,68546.202620
2026-03-Q4-STU-D1C70B6BC1F0,STU-D1C70B6BC1F0,Mar 2026,2026-03,2026-03-Q4,Quiz,4,N326 Quiz 4 Atlanta March 2026 Blenis,2611450,19.6675,20,0.9833750000000001,0.983375,1.1102230246251565e-16,14.75,2,0.921053,Mental Health Nursing-Blenis,68546.202620
2026-03-Q4-STU-763999D6A212,STU-763999D6A212,Mar 2026,2026-03,2026-03-Q4,Quiz,4,N326 Quiz 4 Atlanta March 2026 Blenis,2611450,20,20,1,1,0,15,1,0.973684,Mental Health Nursing-Blenis,68546.202620
2026-03-Q4-STU-E0FAD8FA4DF9,STU-E0FAD8FA4DF9,Mar 2026,2026-03,2026-03-Q4,Quiz,4,N326 Quiz 4 Atlanta March 2026 Blenis,2611450,19.005,20,0.95025,0.9502499999999999,1.1102230246251565e-16,14.25,4,0.8157890000000001,Mental Health Nursing-Blenis,68546.202620
2026-03-Q4-STU-C27C80314438,STU-C27C80314438,Mar 2026,2026-03,2026-03-Q4,Quiz,4,N326 Quiz 4 Atlanta March 2026 Blenis,2611450,17.6625,20,0.883125,0.883125,0,13.25,9,0.552632,Mental Health Nursing-Blenis,68546.202620
2026-03-Q4-STU-8BE7645A90A7,STU-8BE7645A90A7,Mar 2026,2026-03,2026-03-Q4,Quiz,4,N326 Quiz 4 Atlanta March 2026 Blenis,2611450,17.3375,20,0.866875,0.866875,0,13,11,0.421053,Mental Health Nursing-Blenis,68546.202620
2026-03-Q4-STU-6E7C54425CB7,STU-6E7C54425CB7,Mar 2026,2026-03,2026-03-Q4,Quiz,4,N326 Quiz 4 Atlanta March 2026 Blenis,2611450,18.9975,20,0.949875,0.9498749999999999,1.1102230246251565e-16,14.25,5,0.763158,Mental Health Nursing-Blenis,68546.202620
2026-03-Q4-STU-E3CE1A586010,STU-E3CE1A586010,Mar 2026,2026-03,2026-03-Q4,Quiz,4,N326 Quiz 4 Atlanta March 2026 Blenis,2611450,18.005,20,0.9002500000000001,0.90025,1.1102230246251565e-16,13.5,7,0.631579,Mental Health Nursing-Blenis,68546.202620
2026-03-Q4-STU-D4A784F4F7A2,STU-D4A784F4F7A2,Mar 2026,2026-03,2026-03-Q4,Quiz,4,N326 Quiz 4 Atlanta March 2026 Blenis,2611450,15.675,20,0.78375,0.7837500000000001,-1.1102230246251565e-16,11.75,16,0.18421099999999999,Mental Health Nursing-Blenis,68546.202620
2026-03-Q4-STU-1110F21DCC30,STU-1110F21DCC30,Mar 2026,2026-03,2026-03-Q4,Quiz,4,N326 Quiz 4 Atlanta March 2026 Blenis,2611450,17.66,20,0.883,0.883,0,13.25,10,0.5,Mental Health Nursing-Blenis,68546.202620
2026-03-Q4-STU-18903A6A9F61,STU-18903A6A9F61,Mar 2026,2026-03,2026-03-Q4,Quiz,4,N326 Quiz 4 Atlanta March 2026 Blenis,2611450,17.3375,20,0.866875,0.866875,0,13,11,0.421053,Mental Health Nursing-Blenis,68546.202620
2026-03-Q4-STU-A5EFC1A8B17C,STU-A5EFC1A8B17C,Mar 2026,2026-03,2026-03-Q4,Quiz,4,N326 Quiz 4 Atlanta March 2026 Blenis,2611450,9.9975,20,0.49987499999999996,0.499875,-5.551115123125783e-17,7.5,19,0.026316000000000003,Mental Health Nursing-Blenis,68546.202620
2026-03-Q4-STU-4C73DE6AB7EF,STU-4C73DE6AB7EF,Mar 2026,2026-03,2026-03-Q4,Quiz,4,N326 Quiz 4 Atlanta March 2026 Blenis,2611450,16.005,20,0.80025,0.8002499999999999,1.1102230246251565e-16,12,15,0.236842,Mental Health Nursing-Blenis,68546.202620
2026-03-Q4-STU-52036781AF82,STU-52036781AF82,Mar 2026,2026-03,2026-03-Q4,Quiz,4,N326 Quiz 4 Atlanta March 2026 Blenis,2611450,15.6575,20,0.782875,0.782875,0,11.75,17,0.131579,Mental Health Nursing-Blenis,68546.202620
2026-03-Q4-STU-B2FD0191E426,STU-B2FD0191E426,Mar 2026,2026-03,2026-03-Q4,Quiz,4,N326 Quiz 4 Atlanta March 2026 Blenis,2611450,17.3325,20,0.866625,0.866625,0,13,13,0.34210500000000005,Mental Health Nursing-Blenis,68546.202620
2026-03-Q4-STU-F177609862D1,STU-F177609862D1,Mar 2026,2026-03,2026-03-Q4,Quiz,4,N326 Quiz 4 Atlanta March 2026 Blenis,2611450,19.335,20,0.96675,0.96675,0,14.5,3,0.868421,Mental Health Nursing-Blenis,68546.202620
2026-03-Q4-STU-259603447552,STU-259603447552,Mar 2026,2026-03,2026-03-Q4,Quiz,4,N326 Quiz 4 Atlanta March 2026 Blenis,2611450,12.3175,20,0.615875,0.6158750000000001,-1.1102230246251565e-16,9.25,18,0.078947,Mental Health Nursing-Blenis,68546.202620
2026-03-Q4-STU-63E48A24CA0B,STU-63E48A24CA0B,Mar 2026,2026-03,2026-03-Q4,Quiz,4,N326 Quiz 4 Atlanta March 2026 Blenis,2611450,16.6725,20,0.833625,0.833625,0,12.5,14,0.289474,Mental Health Nursing-Blenis,68546.202620
2026-03-Q5-STU-C8C1F239ED8A,STU-C8C1F239ED8A,Mar 2026,2026-03,2026-03-Q5,Quiz,5,N326 Quiz 5 Atlanta March 2026 Blenis,2616129,17.33,20,0.8665,0.8664999999999999,1.1102230246251565e-16,13,5,0.6764709999999999,Mental Health Nursing-Blenis,68546.202620
2026-03-Q5-STU-D5C0A676D520,STU-D5C0A676D520,Mar 2026,2026-03,2026-03-Q5,Quiz,5,N326 Quiz 5 Atlanta March 2026 Blenis,2616129,17.34,20,0.867,0.867,0,13,2,0.852941,Mental Health Nursing-Blenis,68546.202620
2026-03-Q5-STU-D1C70B6BC1F0,STU-D1C70B6BC1F0,Mar 2026,2026-03,2026-03-Q5,Quiz,5,N326 Quiz 5 Atlanta March 2026 Blenis,2616129,18.67,20,0.9335,0.9335000000000001,-1.1102230246251565e-16,14,1,0.970588,Mental Health Nursing-Blenis,68546.202620
2026-03-Q5-STU-763999D6A212,STU-763999D6A212,Mar 2026,2026-03,2026-03-Q5,Quiz,5,N326 Quiz 5 Atlanta March 2026 Blenis,2616129,17.33,20,0.8665,0.8664999999999999,1.1102230246251565e-16,13,5,0.6764709999999999,Mental Health Nursing-Blenis,68546.202620
2026-03-Q5-STU-E0FAD8FA4DF9,STU-E0FAD8FA4DF9,Mar 2026,2026-03,2026-03-Q5,Quiz,5,N326 Quiz 5 Atlanta March 2026 Blenis,2616129,17.34,20,0.867,0.867,0,13,2,0.852941,Mental Health Nursing-Blenis,68546.202620
2026-03-Q5-STU-C27C80314438,STU-C27C80314438,Mar 2026,2026-03,2026-03-Q5,Quiz,5,N326 Quiz 5 Atlanta March 2026 Blenis,2616129,14.67,20,0.7334999999999999,0.7335,-1.1102230246251565e-16,11,8,0.529412,Mental Health Nursing-Blenis,68546.202620
2026-03-Q5-STU-8BE7645A90A7,STU-8BE7645A90A7,Mar 2026,2026-03,2026-03-Q5,Quiz,5,N326 Quiz 5 Atlanta March 2026 Blenis,2616129,17.33,20,0.8665,0.8664999999999999,1.1102230246251565e-16,13,5,0.6764709999999999,Mental Health Nursing-Blenis,68546.202620
2026-03-Q5-STU-6E7C54425CB7,STU-6E7C54425CB7,Mar 2026,2026-03,2026-03-Q5,Quiz,5,N326 Quiz 5 Atlanta March 2026 Blenis,2616129,10.66,20,0.5329999999999999,0.533,-1.1102230246251565e-16,8,15,0.117647,Mental Health Nursing-Blenis,68546.202620
2026-03-Q5-STU-E3CE1A586010,STU-E3CE1A586010,Mar 2026,2026-03,2026-03-Q5,Quiz,5,N326 Quiz 5 Atlanta March 2026 Blenis,2616129,14.67,20,0.7334999999999999,0.7335,-1.1102230246251565e-16,11,8,0.529412,Mental Health Nursing-Blenis,68546.202620
2026-03-Q5-STU-D4A784F4F7A2,STU-D4A784F4F7A2,Mar 2026,2026-03,2026-03-Q5,Quiz,5,N326 Quiz 5 Atlanta March 2026 Blenis,2616129,14.66,20,0.733,0.733,0,11,10,0.441176,Mental Health Nursing-Blenis,68546.202620
2026-03-Q5-STU-1110F21DCC30,STU-1110F21DCC30,Mar 2026,2026-03,2026-03-Q5,Quiz,5,N326 Quiz 5 Atlanta March 2026 Blenis,2616129,13.32,20,0.6659999999999999,0.666,-1.1102230246251565e-16,10,12,0.294118,Mental Health Nursing-Blenis,68546.202620
2026-03-Q5-STU-18903A6A9F61,STU-18903A6A9F61,Mar 2026,2026-03,2026-03-Q5,Quiz,5,N326 Quiz 5 Atlanta March 2026 Blenis,2616129,11.99,20,0.5995,0.5995,0,9,14,0.205882,Mental Health Nursing-Blenis,68546.202620
2026-03-Q5-STU-4C73DE6AB7EF,STU-4C73DE6AB7EF,Mar 2026,2026-03,2026-03-Q5,Quiz,5,N326 Quiz 5 Atlanta March 2026 Blenis,2616129,13.32,20,0.6659999999999999,0.666,-1.1102230246251565e-16,10,12,0.294118,Mental Health Nursing-Blenis,68546.202620
2026-03-Q5-STU-52036781AF82,STU-52036781AF82,Mar 2026,2026-03,2026-03-Q5,Quiz,5,N326 Quiz 5 Atlanta March 2026 Blenis,2616129,9.33,20,0.46649999999999997,0.4665,-5.551115123125783e-17,7,17,0.029411999999999997,Mental Health Nursing-Blenis,68546.202620
2026-03-Q5-STU-B2FD0191E426,STU-B2FD0191E426,Mar 2026,2026-03,2026-03-Q5,Quiz,5,N326 Quiz 5 Atlanta March 2026 Blenis,2616129,13.33,20,0.6665000000000001,0.6665,1.1102230246251565e-16,10,11,0.382353,Mental Health Nursing-Blenis,68546.202620
2026-03-Q5-STU-F177609862D1,STU-F177609862D1,Mar 2026,2026-03,2026-03-Q5,Quiz,5,N326 Quiz 5 Atlanta March 2026 Blenis,2616129,17.34,20,0.867,0.867,0,13,2,0.852941,Mental Health Nursing-Blenis,68546.202620
2026-03-Q5-STU-63E48A24CA0B,STU-63E48A24CA0B,Mar 2026,2026-03,2026-03-Q5,Quiz,5,N326 Quiz 5 Atlanta March 2026 Blenis,2616129,10.66,20,0.5329999999999999,0.533,-1.1102230246251565e-16,8,15,0.117647,Mental Health Nursing-Blenis,68546.202620
2026-03-E1-STU-C8C1F239ED8A,STU-C8C1F239ED8A,Mar 2026,2026-03,2026-03-E1,Exam,1,W4 NR326 Exam 1,2587220,121.25,140,0.866071,0.8660714285714286,-4.285714285678921e-7,49.5,7,0.631579,Mental Health Nursing-Blenis,68546.202620
2026-03-E1-STU-D5C0A676D520,STU-D5C0A676D520,Mar 2026,2026-03,2026-03-E1,Exam,1,W4 NR326 Exam 1,2587220,116.125,140,0.829464,0.8294642857142858,-2.8571428578594293e-7,47.45,14,0.289474,Mental Health Nursing-Blenis,68546.202620
2026-03-E1-STU-D1C70B6BC1F0,STU-D1C70B6BC1F0,Mar 2026,2026-03,2026-03-E1,Exam,1,W4 NR326 Exam 1,2587220,124.291667,140,0.887798,0.8877976214285714,3.7857142853869874e-7,50.716667,3,0.868421,Mental Health Nursing-Blenis,68546.202620
2026-03-E1-STU-763999D6A212,STU-763999D6A212,Mar 2026,2026-03,2026-03-E1,Exam,1,W4 NR326 Exam 1,2587220,128.541667,140,0.918155,0.9181547642857142,2.3571428586777188e-7,52.416667,1,0.973684,Mental Health Nursing-Blenis,68546.202620
2026-03-E1-STU-E0FAD8FA4DF9,STU-E0FAD8FA4DF9,Mar 2026,2026-03,2026-03-E1,Exam,1,W4 NR326 Exam 1,2587220,121.25,140,0.866071,0.8660714285714286,-4.285714285678921e-7,49.5,7,0.631579,Mental Health Nursing-Blenis,68546.202620
2026-03-E1-STU-C27C80314438,STU-C27C80314438,Mar 2026,2026-03,2026-03-E1,Exam,1,W4 NR326 Exam 1,2587220,115.125,140,0.8223210000000001,0.8223214285714285,-4.285714284568698e-7,47.05,15,0.236842,Mental Health Nursing-Blenis,68546.202620
2026-03-E1-STU-8BE7645A90A7,STU-8BE7645A90A7,Mar 2026,2026-03,2026-03-E1,Exam,1,W4 NR326 Exam 1,2587220,120.333333,140,0.859524,0.8595238071428571,1.9285714281114252e-7,49.133333,10,0.5,Mental Health Nursing-Blenis,68546.202620
2026-03-E1-STU-6E7C54425CB7,STU-6E7C54425CB7,Mar 2026,2026-03,2026-03-E1,Exam,1,W4 NR326 Exam 1,2587220,113.375,140,0.809821,0.8098214285714286,-4.285714285678921e-7,46.35,17,0.131579,Mental Health Nursing-Blenis,68546.202620
2026-03-E1-STU-E3CE1A586010,STU-E3CE1A586010,Mar 2026,2026-03,2026-03-E1,Exam,1,W4 NR326 Exam 1,2587220,103.5,140,0.739286,0.7392857142857143,2.8571428567492063e-7,42.4,19,0.026316000000000003,Mental Health Nursing-Blenis,68546.202620
2026-03-E1-STU-D4A784F4F7A2,STU-D4A784F4F7A2,Mar 2026,2026-03,2026-03-E1,Exam,1,W4 NR326 Exam 1,2587220,121.791667,140,0.86994,0.8699404785714286,-4.785714285970855e-7,49.716667,6,0.710526,Mental Health Nursing-Blenis,68546.202620
2026-03-E1-STU-1110F21DCC30,STU-1110F21DCC30,Mar 2026,2026-03,2026-03-E1,Exam,1,W4 NR326 Exam 1,2587220,123.25,140,0.8803570000000001,0.8803571428571428,-1.4285714278194916e-7,50.3,5,0.763158,Mental Health Nursing-Blenis,68546.202620
2026-03-E1-STU-18903A6A9F61,STU-18903A6A9F61,Mar 2026,2026-03,2026-03-E1,Exam,1,W4 NR326 Exam 1,2587220,117.875,140,0.8419639999999999,0.8419642857142857,-2.8571428578594293e-7,48.15,12,0.394737,Mental Health Nursing-Blenis,68546.202620
2026-03-E1-STU-A5EFC1A8B17C,STU-A5EFC1A8B17C,Mar 2026,2026-03,2026-03-E1,Exam,1,W4 NR326 Exam 1,2587220,106.333333,140,0.759524,0.7595238071428572,1.9285714281114252e-7,43.533333,18,0.078947,Mental Health Nursing-Blenis,68546.202620
2026-03-E1-STU-4C73DE6AB7EF,STU-4C73DE6AB7EF,Mar 2026,2026-03,2026-03-E1,Exam,1,W4 NR326 Exam 1,2587220,121.083333,140,0.864881,0.86488095,5.000000002919336e-8,49.433333,9,0.552632,Mental Health Nursing-Blenis,68546.202620
2026-03-E1-STU-52036781AF82,STU-52036781AF82,Mar 2026,2026-03,2026-03-E1,Exam,1,W4 NR326 Exam 1,2587220,117.291667,140,0.8377979999999999,0.8377976214285715,3.7857142842767644e-7,47.916667,13,0.34210500000000005,Mental Health Nursing-Blenis,68546.202620
2026-03-E1-STU-B2FD0191E426,STU-B2FD0191E426,Mar 2026,2026-03,2026-03-E1,Exam,1,W4 NR326 Exam 1,2587220,119.375,140,0.852679,0.8526785714285714,4.285714285678921e-7,48.75,11,0.44736800000000004,Mental Health Nursing-Blenis,68546.202620
2026-03-E1-STU-F177609862D1,STU-F177609862D1,Mar 2026,2026-03,2026-03-E1,Exam,1,W4 NR326 Exam 1,2587220,123.958333,140,0.885417,0.8854166642857143,3.35714285704114e-7,50.583333,4,0.8157890000000001,Mental Health Nursing-Blenis,68546.202620
2026-03-E1-STU-259603447552,STU-259603447552,Mar 2026,2026-03,2026-03-E1,Exam,1,W4 NR326 Exam 1,2587220,114.541667,140,0.818155,0.8181547642857143,2.3571428564572727e-7,46.816667,16,0.18421099999999999,Mental Health Nursing-Blenis,68546.202620
2026-03-E1-STU-63E48A24CA0B,STU-63E48A24CA0B,Mar 2026,2026-03,2026-03-E1,Exam,1,W4 NR326 Exam 1,2587220,126.791667,140,0.905655,0.9056547642857143,2.3571428564572727e-7,51.716667,2,0.921053,Mental Health Nursing-Blenis,68546.202620
2026-03-E2-STU-C8C1F239ED8A,STU-C8C1F239ED8A,Mar 2026,2026-03,2026-03-E2,Exam,2,W8 NR326 Exam 2,2629202,122.767857,140,0.8769129999999999,0.8769132642857144,-2.642857144241617e-7,50.107143,5,0.763158,Mental Health Nursing-Blenis,68546.202620
2026-03-E2-STU-D5C0A676D520,STU-D5C0A676D520,Mar 2026,2026-03,2026-03-E2,Exam,2,W8 NR326 Exam 2,2629202,119.75,140,0.855357,0.8553571428571428,-1.4285714278194916e-7,48.9,7,0.657895,Mental Health Nursing-Blenis,68546.202620
2026-03-E2-STU-D1C70B6BC1F0,STU-D1C70B6BC1F0,Mar 2026,2026-03,2026-03-E2,Exam,2,W8 NR326 Exam 2,2629202,123.583333,140,0.8827379999999999,0.8827380928571428,-9.285714286377811e-8,50.433333,3,0.868421,Mental Health Nursing-Blenis,68546.202620
2026-03-E2-STU-763999D6A212,STU-763999D6A212,Mar 2026,2026-03,2026-03-E2,Exam,2,W8 NR326 Exam 2,2629202,125,140,0.892857,0.8928571428571429,-1.4285714289297147e-7,51,1,0.973684,Mental Health Nursing-Blenis,68546.202620
2026-03-E2-STU-E0FAD8FA4DF9,STU-E0FAD8FA4DF9,Mar 2026,2026-03,2026-03-E2,Exam,2,W8 NR326 Exam 2,2629202,116.875,140,0.834821,0.8348214285714286,-4.285714285678921e-7,47.75,11,0.44736800000000004,Mental Health Nursing-Blenis,68546.202620
2026-03-E2-STU-C27C80314438,STU-C27C80314438,Mar 2026,2026-03,2026-03-E2,Exam,2,W8 NR326 Exam 2,2629202,113.583333,140,0.81131,0.8113095214285714,4.785714285970855e-7,46.433333,14,0.289474,Mental Health Nursing-Blenis,68546.202620
2026-03-E2-STU-8BE7645A90A7,STU-8BE7645A90A7,Mar 2026,2026-03,2026-03-E2,Exam,2,W8 NR326 Exam 2,2629202,124.85119,140,0.891794,0.8917942142857143,-2.1428571428394605e-7,50.940476,2,0.921053,Mental Health Nursing-Blenis,68546.202620
2026-03-E2-STU-6E7C54425CB7,STU-6E7C54425CB7,Mar 2026,2026-03,2026-03-E2,Exam,2,W8 NR326 Exam 2,2629202,117.958333,140,0.84256,0.8425595214285714,4.785714285970855e-7,48.183333,8,0.605263,Mental Health Nursing-Blenis,68546.202620
2026-03-E2-STU-E3CE1A586010,STU-E3CE1A586010,Mar 2026,2026-03,2026-03-E2,Exam,2,W8 NR326 Exam 2,2629202,123.041667,140,0.878869,0.87886905,-5.000000002919336e-8,50.216667,4,0.8157890000000001,Mental Health Nursing-Blenis,68546.202620
2026-03-E2-STU-D4A784F4F7A2,STU-D4A784F4F7A2,Mar 2026,2026-03,2026-03-E2,Exam,2,W8 NR326 Exam 2,2629202,122.125,140,0.872321,0.8723214285714286,-4.285714285678921e-7,49.85,6,0.710526,Mental Health Nursing-Blenis,68546.202620
2026-03-E2-STU-1110F21DCC30,STU-1110F21DCC30,Mar 2026,2026-03,2026-03-E2,Exam,2,W8 NR326 Exam 2,2629202,113.958333,140,0.8139879999999999,0.8139880928571428,-9.285714286377811e-8,46.583333,13,0.34210500000000005,Mental Health Nursing-Blenis,68546.202620
2026-03-E2-STU-18903A6A9F61,STU-18903A6A9F61,Mar 2026,2026-03,2026-03-E2,Exam,2,W8 NR326 Exam 2,2629202,106.625,140,0.761607,0.7616071428571428,-1.4285714278194916e-7,43.65,18,0.078947,Mental Health Nursing-Blenis,68546.202620
2026-03-E2-STU-A5EFC1A8B17C,STU-A5EFC1A8B17C,Mar 2026,2026-03,2026-03-E2,Exam,2,W8 NR326 Exam 2,2629202,107.666667,140,0.769048,0.7690476214285714,3.7857142853869874e-7,44.066667,17,0.131579,Mental Health Nursing-Blenis,68546.202620
2026-03-E2-STU-4C73DE6AB7EF,STU-4C73DE6AB7EF,Mar 2026,2026-03,2026-03-E2,Exam,2,W8 NR326 Exam 2,2629202,114.583333,140,0.8184520000000001,0.8184523785714285,-3.7857142842767644e-7,46.833333,12,0.394737,Mental Health Nursing-Blenis,68546.202620
2026-03-E2-STU-52036781AF82,STU-52036781AF82,Mar 2026,2026-03,2026-03-E2,Exam,2,W8 NR326 Exam 2,2629202,117.083333,140,0.83631,0.8363095214285714,4.785714285970855e-7,47.833333,9,0.552632,Mental Health Nursing-Blenis,68546.202620
2026-03-E2-STU-B2FD0191E426,STU-B2FD0191E426,Mar 2026,2026-03,2026-03-E2,Exam,2,W8 NR326 Exam 2,2629202,111.083333,140,0.793452,0.7934523785714286,-3.7857142853869874e-7,45.433333,16,0.18421099999999999,Mental Health Nursing-Blenis,68546.202620
2026-03-E2-STU-F177609862D1,STU-F177609862D1,Mar 2026,2026-03,2026-03-E2,Exam,2,W8 NR326 Exam 2,2629202,112.416667,140,0.802976,0.8029761928571428,-1.9285714281114252e-7,45.966667,15,0.236842,Mental Health Nursing-Blenis,68546.202620
2026-03-E2-STU-259603447552,STU-259603447552,Mar 2026,2026-03,2026-03-E2,Exam,2,W8 NR326 Exam 2,2629202,117.041667,140,0.8360120000000001,0.8360119071428572,9.285714286377811e-8,47.816667,10,0.5,Mental Health Nursing-Blenis,68546.202620
2026-03-E2-STU-63E48A24CA0B,STU-63E48A24CA0B,Mar 2026,2026-03,2026-03-E2,Exam,2,W8 NR326 Exam 2,2629202,98.517857,140,0.703699,0.7036989785714286,2.1428571361781223e-8,40.407143,19,0.026316000000000003,Mental Health Nursing-Blenis,68546.202620
2026-05-Q1-STU-0ACE8BE628CF,STU-0ACE8BE628CF,May 2026,2026-05,2026-05-Q1,Quiz,1,NR326 Quiz 1 Atlanta May26 Blenis,2663656,15.6775,20,0.783875,0.783875,0,11.75,9,0.227273,Mental Health Nursing-Blenis,16356.202630
2026-05-Q1-STU-03EC83880B33,STU-03EC83880B33,May 2026,2026-05,2026-05-Q1,Quiz,1,NR326 Quiz 1 Atlanta May26 Blenis,2663656,14.3375,20,0.716875,0.716875,0,10.75,10,0.136364,Mental Health Nursing-Blenis,16356.202630
2026-05-Q1-STU-92D90F5227E9,STU-92D90F5227E9,May 2026,2026-05,2026-05-Q1,Quiz,1,NR326 Quiz 1 Atlanta May26 Blenis,2663656,17.6725,20,0.883625,0.883625,0,13.25,5,0.590909,Mental Health Nursing-Blenis,16356.202630
2026-05-Q1-STU-8C4048CAD3C0,STU-8C4048CAD3C0,May 2026,2026-05,2026-05-Q1,Quiz,1,NR326 Quiz 1 Atlanta May26 Blenis,2663656,9.34,20,0.467,0.46699999999999997,5.551115123125783e-17,7,11,0.045454999999999995,Mental Health Nursing-Blenis,16356.202630
2026-05-Q1-STU-43B0ACBD84E1,STU-43B0ACBD84E1,May 2026,2026-05,2026-05-Q1,Quiz,1,NR326 Quiz 1 Atlanta May26 Blenis,2663656,16.665,20,0.83325,0.8332499999999999,1.1102230246251565e-16,12.5,7,0.40909100000000004,Mental Health Nursing-Blenis,16356.202630
2026-05-Q1-STU-ED18BF8C769B,STU-ED18BF8C769B,May 2026,2026-05,2026-05-Q1,Quiz,1,NR326 Quiz 1 Atlanta May26 Blenis,2663656,16.675,20,0.83375,0.83375,0,12.5,6,0.5,Mental Health Nursing-Blenis,16356.202630
2026-05-Q1-STU-EDC397BB545D,STU-EDC397BB545D,May 2026,2026-05,2026-05-Q1,Quiz,1,NR326 Quiz 1 Atlanta May26 Blenis,2663656,16.01,20,0.8005,0.8005000000000001,-1.1102230246251565e-16,12,8,0.318182,Mental Health Nursing-Blenis,16356.202630
2026-05-Q1-STU-4E7336C214F0,STU-4E7336C214F0,May 2026,2026-05,2026-05-Q1,Quiz,1,NR326 Quiz 1 Atlanta May26 Blenis,2663656,19.335,20,0.96675,0.96675,0,14.5,2,0.8636360000000001,Mental Health Nursing-Blenis,16356.202630
2026-05-Q1-STU-28908A5D11CD,STU-28908A5D11CD,May 2026,2026-05,2026-05-Q1,Quiz,1,NR326 Quiz 1 Atlanta May26 Blenis,2663656,19.0025,20,0.950125,0.9501250000000001,-1.1102230246251565e-16,14.25,3,0.772727,Mental Health Nursing-Blenis,16356.202630
2026-05-Q1-STU-EBFABCB373A9,STU-EBFABCB373A9,May 2026,2026-05,2026-05-Q1,Quiz,1,NR326 Quiz 1 Atlanta May26 Blenis,2663656,19.6675,20,0.9833750000000001,0.983375,1.1102230246251565e-16,14.75,1,0.954545,Mental Health Nursing-Blenis,16356.202630
2026-05-Q1-STU-DA50E7C12236,STU-DA50E7C12236,May 2026,2026-05,2026-05-Q1,Quiz,1,NR326 Quiz 1 Atlanta May26 Blenis,2663656,17.995,20,0.8997499999999999,0.89975,-1.1102230246251565e-16,13.5,4,0.6818179999999999,Mental Health Nursing-Blenis,16356.202630
2026-05-Q2-STU-0ACE8BE628CF,STU-0ACE8BE628CF,May 2026,2026-05,2026-05-Q2,Quiz,2,N326 Quiz 2 Atlanta May 2026 Blenis,2682006,16.01,20,0.8005,0.8005000000000001,-1.1102230246251565e-16,12,6,0.45,Mental Health Nursing-Blenis,16356.202630
2026-05-Q2-STU-03EC83880B33,STU-03EC83880B33,May 2026,2026-05,2026-05-Q2,Quiz,2,N326 Quiz 2 Atlanta May 2026 Blenis,2682006,18.577333,20,0.928867,0.92886665,3.499999999823089e-7,13.933333,2,0.8,Mental Health Nursing-Blenis,16356.202630
2026-05-Q2-STU-92D90F5227E9,STU-92D90F5227E9,May 2026,2026-05,2026-05-Q2,Quiz,2,N326 Quiz 2 Atlanta May 2026 Blenis,2682006,17.515333,20,0.8757670000000001,0.8757666499999999,3.500000002043535e-7,13.133333,4,0.6,Mental Health Nursing-Blenis,16356.202630
2026-05-Q2-STU-43B0ACBD84E1,STU-43B0ACBD84E1,May 2026,2026-05,2026-05-Q2,Quiz,2,N326 Quiz 2 Atlanta May 2026 Blenis,2682006,18.577333,20,0.928867,0.92886665,3.499999999823089e-7,13.933333,2,0.8,Mental Health Nursing-Blenis,16356.202630
2026-05-Q2-STU-ED18BF8C769B,STU-ED18BF8C769B,May 2026,2026-05,2026-05-Q2,Quiz,2,N326 Quiz 2 Atlanta May 2026 Blenis,2682006,13.948667,20,0.6974330000000001,0.6974333500000001,-3.499999999823089e-7,10.466667,8,0.25,Mental Health Nursing-Blenis,16356.202630
2026-05-Q2-STU-EDC397BB545D,STU-EDC397BB545D,May 2026,2026-05,2026-05-Q2,Quiz,2,N326 Quiz 2 Atlanta May 2026 Blenis,2682006,12.165333,20,0.608267,0.60826665,3.499999999823089e-7,9.133333,10,0.05,Mental Health Nursing-Blenis,16356.202630
2026-05-Q2-STU-4E7336C214F0,STU-4E7336C214F0,May 2026,2026-05,2026-05-Q2,Quiz,2,N326 Quiz 2 Atlanta May 2026 Blenis,2682006,13.525333,20,0.676267,0.67626665,3.499999999823089e-7,10.133333,9,0.15,Mental Health Nursing-Blenis,16356.202630
2026-05-Q2-STU-28908A5D11CD,STU-28908A5D11CD,May 2026,2026-05,2026-05-Q2,Quiz,2,N326 Quiz 2 Atlanta May 2026 Blenis,2682006,14.412,20,0.7206,0.7206,0,10.8,7,0.35,Mental Health Nursing-Blenis,16356.202630
2026-05-Q2-STU-EBFABCB373A9,STU-EBFABCB373A9,May 2026,2026-05,2026-05-Q2,Quiz,2,N326 Quiz 2 Atlanta May 2026 Blenis,2682006,17.515333,20,0.8757670000000001,0.8757666499999999,3.500000002043535e-7,13.133333,4,0.6,Mental Health Nursing-Blenis,16356.202630
2026-05-Q2-STU-DA50E7C12236,STU-DA50E7C12236,May 2026,2026-05,2026-05-Q2,Quiz,2,N326 Quiz 2 Atlanta May 2026 Blenis,2682006,20,20,1,1,0,15,1,0.95,Mental Health Nursing-Blenis,16356.202630
2026-05-Q3-STU-0ACE8BE628CF,STU-0ACE8BE628CF,May 2026,2026-05,2026-05-Q3,Quiz,3,N326 Quiz 3 Atlanta May 2026 Blenis,2694712,19.0025,20,0.950125,0.9501250000000001,-1.1102230246251565e-16,14.25,3,0.75,Mental Health Nursing-Blenis,16356.202630
2026-05-Q3-STU-92D90F5227E9,STU-92D90F5227E9,May 2026,2026-05,2026-05-Q3,Quiz,3,N326 Quiz 3 Atlanta May 2026 Blenis,2694712,18.67,20,0.9335,0.9335000000000001,-1.1102230246251565e-16,14,4,0.45,Mental Health Nursing-Blenis,16356.202630
2026-05-Q3-STU-8C4048CAD3C0,STU-8C4048CAD3C0,May 2026,2026-05,2026-05-Q3,Quiz,3,N326 Quiz 3 Atlanta May 2026 Blenis,2694712,18.67,20,0.9335,0.9335000000000001,-1.1102230246251565e-16,14,4,0.45,Mental Health Nursing-Blenis,16356.202630
2026-05-Q3-STU-43B0ACBD84E1,STU-43B0ACBD84E1,May 2026,2026-05,2026-05-Q3,Quiz,3,N326 Quiz 3 Atlanta May 2026 Blenis,2694712,18.67,20,0.9335,0.9335000000000001,-1.1102230246251565e-16,14,4,0.45,Mental Health Nursing-Blenis,16356.202630
2026-05-Q3-STU-ED18BF8C769B,STU-ED18BF8C769B,May 2026,2026-05,2026-05-Q3,Quiz,3,N326 Quiz 3 Atlanta May 2026 Blenis,2694712,20,20,1,1,0,15,1,0.95,Mental Health Nursing-Blenis,16356.202630
2026-05-Q3-STU-EDC397BB545D,STU-EDC397BB545D,May 2026,2026-05,2026-05-Q3,Quiz,3,N326 Quiz 3 Atlanta May 2026 Blenis,2694712,18.3375,20,0.916875,0.9168749999999999,1.1102230246251565e-16,13.75,10,0.05,Mental Health Nursing-Blenis,16356.202630
2026-05-Q3-STU-4E7336C214F0,STU-4E7336C214F0,May 2026,2026-05,2026-05-Q3,Quiz,3,N326 Quiz 3 Atlanta May 2026 Blenis,2694712,19.6675,20,0.9833750000000001,0.983375,1.1102230246251565e-16,14.75,2,0.85,Mental Health Nursing-Blenis,16356.202630
2026-05-Q3-STU-28908A5D11CD,STU-28908A5D11CD,May 2026,2026-05,2026-05-Q3,Quiz,3,N326 Quiz 3 Atlanta May 2026 Blenis,2694712,18.66,20,0.9329999999999999,0.933,-1.1102230246251565e-16,14,9,0.15,Mental Health Nursing-Blenis,16356.202630
2026-05-Q3-STU-EBFABCB373A9,STU-EBFABCB373A9,May 2026,2026-05,2026-05-Q3,Quiz,3,N326 Quiz 3 Atlanta May 2026 Blenis,2694712,18.67,20,0.9335,0.9335000000000001,-1.1102230246251565e-16,14,4,0.45,Mental Health Nursing-Blenis,16356.202630
2026-05-Q3-STU-DA50E7C12236,STU-DA50E7C12236,May 2026,2026-05,2026-05-Q3,Quiz,3,N326 Quiz 3 Atlanta May 2026 Blenis,2694712,18.67,20,0.9335,0.9335000000000001,-1.1102230246251565e-16,14,4,0.45,Mental Health Nursing-Blenis,16356.202630
2026-05-Q4-STU-0ACE8BE628CF,STU-0ACE8BE628CF,May 2026,2026-05,2026-05-Q4,Quiz,4,NR326 Quiz 4 Atlanta May26 Blenis v1,2738404,17.8125,20,0.890625,0.890625,0,14.25,2,0.75,Mental Health Nursing-Blenis,16356.202630
2026-05-Q4-STU-03EC83880B33,STU-03EC83880B33,May 2026,2026-05,2026-05-Q4,Quiz,4,NR326 Quiz 4 Atlanta May26 Blenis v1,2738404,13.125,20,0.65625,0.65625,0,10.5,10,0.05,Mental Health Nursing-Blenis,16356.202630
2026-05-Q4-STU-92D90F5227E9,STU-92D90F5227E9,May 2026,2026-05,2026-05-Q4,Quiz,4,NR326 Quiz 4 Atlanta May26 Blenis v1,2738404,17.5,20,0.875,0.875,0,14,5,0.55,Mental Health Nursing-Blenis,16356.202630
2026-05-Q4-STU-8C4048CAD3C0,STU-8C4048CAD3C0,May 2026,2026-05,2026-05-Q4,Quiz,4,NR326 Quiz 4 Atlanta May26 Blenis v1,2738404,14.375,20,0.71875,0.71875,0,11.5,9,0.15,Mental Health Nursing-Blenis,16356.202630
2026-05-Q4-STU-43B0ACBD84E1,STU-43B0ACBD84E1,May 2026,2026-05,2026-05-Q4,Quiz,4,NR326 Quiz 4 Atlanta May26 Blenis v1,2738404,15.9375,20,0.796875,0.796875,0,12.75,6,0.45,Mental Health Nursing-Blenis,16356.202630
2026-05-Q4-STU-ED18BF8C769B,STU-ED18BF8C769B,May 2026,2026-05,2026-05-Q4,Quiz,4,NR326 Quiz 4 Atlanta May26 Blenis v1,2738404,15,20,0.75,0.75,0,12,7,0.3,Mental Health Nursing-Blenis,16356.202630
2026-05-Q4-STU-EDC397BB545D,STU-EDC397BB545D,May 2026,2026-05,2026-05-Q4,Quiz,4,NR326 Quiz 4 Atlanta May26 Blenis v1,2738404,15,20,0.75,0.75,0,12,7,0.3,Mental Health Nursing-Blenis,16356.202630
2026-05-Q4-STU-4E7336C214F0,STU-4E7336C214F0,May 2026,2026-05,2026-05-Q4,Quiz,4,NR326 Quiz 4 Atlanta May26 Blenis v1,2738404,17.8125,20,0.890625,0.890625,0,14.25,2,0.75,Mental Health Nursing-Blenis,16356.202630
2026-05-Q4-STU-EBFABCB373A9,STU-EBFABCB373A9,May 2026,2026-05,2026-05-Q4,Quiz,4,NR326 Quiz 4 Atlanta May26 Blenis v1,2738404,19.0625,20,0.953125,0.953125,0,15.25,1,0.95,Mental Health Nursing-Blenis,16356.202630
2026-05-Q4-STU-DA50E7C12236,STU-DA50E7C12236,May 2026,2026-05,2026-05-Q4,Quiz,4,NR326 Quiz 4 Atlanta May26 Blenis v1,2738404,17.8125,20,0.890625,0.890625,0,14.25,2,0.75,Mental Health Nursing-Blenis,16356.202630
2026-05-Q5-STU-0ACE8BE628CF,STU-0ACE8BE628CF,May 2026,2026-05,2026-05-Q5,Quiz,5,NR326 Quiz 5 Atlanta May 2026 Blenis,2738625,15.791667,20,0.7895829999999999,0.78958335,-3.500000000933312e-7,12.633333,7,0.40909100000000004,Mental Health Nursing-Blenis,16356.202630
2026-05-Q5-STU-03EC83880B33,STU-03EC83880B33,May 2026,2026-05,2026-05-Q5,Quiz,5,NR326 Quiz 5 Atlanta May 2026 Blenis,2738625,19.479167,20,0.973958,0.97395835,-3.499999999823089e-7,15.583333,1,0.954545,Mental Health Nursing-Blenis,16356.202630
2026-05-Q5-STU-92D90F5227E9,STU-92D90F5227E9,May 2026,2026-05,2026-05-Q5,Quiz,5,NR326 Quiz 5 Atlanta May 2026 Blenis,2738625,15.75,20,0.7875,0.7875,0,12.6,8,0.318182,Mental Health Nursing-Blenis,16356.202630
2026-05-Q5-STU-8C4048CAD3C0,STU-8C4048CAD3C0,May 2026,2026-05,2026-05-Q5,Quiz,5,NR326 Quiz 5 Atlanta May 2026 Blenis,2738625,13.541667,20,0.677083,0.67708335,-3.499999999823089e-7,10.833333,9,0.227273,Mental Health Nursing-Blenis,16356.202630
2026-05-Q5-STU-43B0ACBD84E1,STU-43B0ACBD84E1,May 2026,2026-05,2026-05-Q5,Quiz,5,NR326 Quiz 5 Atlanta May 2026 Blenis,2738625,17.875,20,0.89375,0.89375,0,14.3,2,0.8636360000000001,Mental Health Nursing-Blenis,16356.202630
2026-05-Q5-STU-ED18BF8C769B,STU-ED18BF8C769B,May 2026,2026-05,2026-05-Q5,Quiz,5,NR326 Quiz 5 Atlanta May 2026 Blenis,2738625,17.1875,20,0.859375,0.859375,0,13.75,3,0.772727,Mental Health Nursing-Blenis,16356.202630
2026-05-Q5-STU-EDC397BB545D,STU-EDC397BB545D,May 2026,2026-05,2026-05-Q5,Quiz,5,NR326 Quiz 5 Atlanta May 2026 Blenis,2738625,13.25,20,0.6625,0.6625,0,10.6,10,0.136364,Mental Health Nursing-Blenis,16356.202630
2026-05-Q5-STU-4E7336C214F0,STU-4E7336C214F0,May 2026,2026-05,2026-05-Q5,Quiz,5,NR326 Quiz 5 Atlanta May 2026 Blenis,2738625,17.083333,20,0.854167,0.85416665,3.499999999823089e-7,13.666667,4,0.6818179999999999,Mental Health Nursing-Blenis,16356.202630
2026-05-Q5-STU-28908A5D11CD,STU-28908A5D11CD,May 2026,2026-05,2026-05-Q5,Quiz,5,NR326 Quiz 5 Atlanta May 2026 Blenis,2738625,16.9375,20,0.846875,0.846875,0,13.55,5,0.590909,Mental Health Nursing-Blenis,16356.202630
2026-05-Q5-STU-EBFABCB373A9,STU-EBFABCB373A9,May 2026,2026-05,2026-05-Q5,Quiz,5,NR326 Quiz 5 Atlanta May 2026 Blenis,2738625,12.5,20,0.625,0.625,0,10,11,0.045454999999999995,Mental Health Nursing-Blenis,16356.202630
2026-05-Q5-STU-DA50E7C12236,STU-DA50E7C12236,May 2026,2026-05,2026-05-Q5,Quiz,5,NR326 Quiz 5 Atlanta May 2026 Blenis,2738625,16.5625,20,0.828125,0.828125,0,13.25,6,0.5,Mental Health Nursing-Blenis,16356.202630
2026-05-E1-STU-0ACE8BE628CF,STU-0ACE8BE628CF,May 2026,2026-05,2026-05-E1,Exam,1,W4 NR326 Exam 1,2695984,111,140,0.792857,0.7928571428571428,-1.4285714278194916e-7,44.4,9,0.227273,Mental Health Nursing-Blenis,16356.202630
2026-05-E1-STU-03EC83880B33,STU-03EC83880B33,May 2026,2026-05,2026-05-E1,Exam,1,W4 NR326 Exam 1,2695984,116.5,140,0.832143,0.8321428571428572,1.4285714278194916e-7,46.6,8,0.318182,Mental Health Nursing-Blenis,16356.202630
2026-05-E1-STU-92D90F5227E9,STU-92D90F5227E9,May 2026,2026-05,2026-05-E1,Exam,1,W4 NR326 Exam 1,2695984,117.125,140,0.8366070000000001,0.8366071428571429,-1.4285714278194916e-7,46.85,7,0.40909100000000004,Mental Health Nursing-Blenis,16356.202630
2026-05-E1-STU-8C4048CAD3C0,STU-8C4048CAD3C0,May 2026,2026-05,2026-05-E1,Exam,1,W4 NR326 Exam 1,2695984,107.166667,140,0.765476,0.7654761928571429,-1.9285714281114252e-7,42.866667,11,0.045454999999999995,Mental Health Nursing-Blenis,16356.202630
2026-05-E1-STU-43B0ACBD84E1,STU-43B0ACBD84E1,May 2026,2026-05,2026-05-E1,Exam,1,W4 NR326 Exam 1,2695984,137.125,140,0.979464,0.9794642857142857,-2.8571428567492063e-7,54.85,1,0.954545,Mental Health Nursing-Blenis,16356.202630
2026-05-E1-STU-ED18BF8C769B,STU-ED18BF8C769B,May 2026,2026-05,2026-05-E1,Exam,1,W4 NR326 Exam 1,2695984,124.375,140,0.888393,0.8883928571428571,1.4285714289297147e-7,49.75,3,0.772727,Mental Health Nursing-Blenis,16356.202630
2026-05-E1-STU-EDC397BB545D,STU-EDC397BB545D,May 2026,2026-05,2026-05-E1,Exam,1,W4 NR326 Exam 1,2695984,108.208333,140,0.7729170000000001,0.7729166642857143,3.357142858151363e-7,43.283333,10,0.136364,Mental Health Nursing-Blenis,16356.202630
2026-05-E1-STU-4E7336C214F0,STU-4E7336C214F0,May 2026,2026-05,2026-05-E1,Exam,1,W4 NR326 Exam 1,2695984,131.416667,140,0.93869,0.9386904785714285,-4.785714284860632e-7,52.566667,2,0.8636360000000001,Mental Health Nursing-Blenis,16356.202630
2026-05-E1-STU-28908A5D11CD,STU-28908A5D11CD,May 2026,2026-05,2026-05-E1,Exam,1,W4 NR326 Exam 1,2695984,120.708333,140,0.862202,0.8622023785714286,-3.7857142853869874e-7,48.283333,6,0.5,Mental Health Nursing-Blenis,16356.202630
2026-05-E1-STU-EBFABCB373A9,STU-EBFABCB373A9,May 2026,2026-05,2026-05-E1,Exam,1,W4 NR326 Exam 1,2695984,124.208333,140,0.887202,0.8872023785714286,-3.7857142853869874e-7,49.683333,4,0.6818179999999999,Mental Health Nursing-Blenis,16356.202630
2026-05-E1-STU-DA50E7C12236,STU-DA50E7C12236,May 2026,2026-05,2026-05-E1,Exam,1,W4 NR326 Exam 1,2695984,123.625,140,0.883036,0.8830357142857143,2.8571428578594293e-7,49.45,5,0.590909,Mental Health Nursing-Blenis,16356.202630
2026-05-E2-STU-0ACE8BE628CF,STU-0ACE8BE628CF,May 2026,2026-05,2026-05-E2,Exam,2,W8 NR326 Exam 2,2746189,114.208333,140,0.815774,0.8157738071428571,1.9285714292216483e-7,45.683333,6,0.5,Mental Health Nursing-Blenis,16356.202630
2026-05-E2-STU-03EC83880B33,STU-03EC83880B33,May 2026,2026-05,2026-05-E2,Exam,2,W8 NR326 Exam 2,2746189,122.625,140,0.8758929999999999,0.8758928571428571,1.4285714278194916e-7,49.05,4,0.6818179999999999,Mental Health Nursing-Blenis,16356.202630
2026-05-E2-STU-92D90F5227E9,STU-92D90F5227E9,May 2026,2026-05,2026-05-E2,Exam,2,W8 NR326 Exam 2,2746189,105.166667,140,0.75119,0.7511904785714286,-4.785714285970855e-7,42.066667,7,0.40909100000000004,Mental Health Nursing-Blenis,16356.202630
2026-05-E2-STU-8C4048CAD3C0,STU-8C4048CAD3C0,May 2026,2026-05,2026-05-E2,Exam,2,W8 NR326 Exam 2,2746189,99.333333,140,0.7095239999999999,0.7095238071428571,1.9285714281114252e-7,39.733333,11,0.045454999999999995,Mental Health Nursing-Blenis,16356.202630
2026-05-E2-STU-43B0ACBD84E1,STU-43B0ACBD84E1,May 2026,2026-05,2026-05-E2,Exam,2,W8 NR326 Exam 2,2746189,130.916667,140,0.9351189999999999,0.93511905,-5.000000002919336e-8,52.366667,2,0.8636360000000001,Mental Health Nursing-Blenis,16356.202630
2026-05-E2-STU-ED18BF8C769B,STU-ED18BF8C769B,May 2026,2026-05,2026-05-E2,Exam,2,W8 NR326 Exam 2,2746189,100.083333,140,0.714881,0.71488095,5.000000002919336e-8,40.033333,9,0.227273,Mental Health Nursing-Blenis,16356.202630
2026-05-E2-STU-EDC397BB545D,STU-EDC397BB545D,May 2026,2026-05,2026-05-E2,Exam,2,W8 NR326 Exam 2,2746189,103.75,140,0.741071,0.7410714285714286,-4.285714285678921e-7,41.5,8,0.318182,Mental Health Nursing-Blenis,16356.202630
2026-05-E2-STU-4E7336C214F0,STU-4E7336C214F0,May 2026,2026-05,2026-05-E2,Exam,2,W8 NR326 Exam 2,2746189,131.916667,140,0.942262,0.9422619071428571,9.285714297480041e-8,52.766667,1,0.954545,Mental Health Nursing-Blenis,16356.202630
2026-05-E2-STU-28908A5D11CD,STU-28908A5D11CD,May 2026,2026-05,2026-05-E2,Exam,2,W8 NR326 Exam 2,2746189,99.458333,140,0.7104170000000001,0.7104166642857143,3.357142858151363e-7,39.783333,10,0.136364,Mental Health Nursing-Blenis,16356.202630
2026-05-E2-STU-EBFABCB373A9,STU-EBFABCB373A9,May 2026,2026-05,2026-05-E2,Exam,2,W8 NR326 Exam 2,2746189,127.625,140,0.9116070000000001,0.9116071428571428,-1.4285714278194916e-7,51.05,3,0.772727,Mental Health Nursing-Blenis,16356.202630
2026-05-E2-STU-DA50E7C12236,STU-DA50E7C12236,May 2026,2026-05,2026-05-E2,Exam,2,W8 NR326 Exam 2,2746189,121.625,140,0.86875,0.86875,0,48.65,5,0.590909,Mental Health Nursing-Blenis,16356.202630
2026-07-Q1-STU-0E52BB259A24,STU-0E52BB259A24,Jul 2026,2026-07,2026-07-Q1,Quiz,1,N326 Quiz 1 Atlanta July 2026 Blenis,2787890,15.604167,20,0.7802079999999999,0.78020835,-3.500000000933312e-7,12.483333,8,0.25,Mental Health Nursing-Blenis,68546.202640
2026-07-Q1-STU-70B94A1E651E,STU-70B94A1E651E,Jul 2026,2026-07,2026-07-Q1,Quiz,1,N326 Quiz 1 Atlanta July 2026 Blenis,2787890,16.916667,20,0.845833,0.84583335,-3.500000000933312e-7,13.533333,2,0.85,Mental Health Nursing-Blenis,68546.202640
2026-07-Q1-STU-38856CD08029,STU-38856CD08029,Jul 2026,2026-07,2026-07-Q1,Quiz,1,N326 Quiz 1 Atlanta July 2026 Blenis,2787890,19.75,20,0.9875,0.9875,0,15.8,1,0.95,Mental Health Nursing-Blenis,68546.202640
2026-07-Q1-STU-1E3D3E38E2A4,STU-1E3D3E38E2A4,Jul 2026,2026-07,2026-07-Q1,Quiz,1,N326 Quiz 1 Atlanta July 2026 Blenis,2787890,15.8125,20,0.790625,0.790625,0,12.65,7,0.35,Mental Health Nursing-Blenis,68546.202640
2026-07-Q1-STU-F52677827719,STU-F52677827719,Jul 2026,2026-07,2026-07-Q1,Quiz,1,N326 Quiz 1 Atlanta July 2026 Blenis,2787890,14.729167,20,0.736458,0.73645835,-3.500000000933312e-7,11.783333,9,0.15,Mental Health Nursing-Blenis,68546.202640
2026-07-Q1-STU-CBBD1F992477,STU-CBBD1F992477,Jul 2026,2026-07,2026-07-Q1,Quiz,1,N326 Quiz 1 Atlanta July 2026 Blenis,2787890,16.604167,20,0.830208,0.83020835,-3.500000000933312e-7,13.283333,3,0.75,Mental Health Nursing-Blenis,68546.202640
2026-07-Q1-STU-F24048CF72ED,STU-F24048CF72ED,Jul 2026,2026-07,2026-07-Q1,Quiz,1,N326 Quiz 1 Atlanta July 2026 Blenis,2787890,16.5,20,0.825,0.825,0,13.2,4,0.65,Mental Health Nursing-Blenis,68546.202640
2026-07-Q1-STU-941E7586FBE6,STU-941E7586FBE6,Jul 2026,2026-07,2026-07-Q1,Quiz,1,N326 Quiz 1 Atlanta July 2026 Blenis,2787890,16.041667,20,0.802083,0.80208335,-3.499999999823089e-7,12.833333,6,0.45,Mental Health Nursing-Blenis,68546.202640
2026-07-Q1-STU-9E8EA6AE3381,STU-9E8EA6AE3381,Jul 2026,2026-07,2026-07-Q1,Quiz,1,N326 Quiz 1 Atlanta July 2026 Blenis,2787890,14.083333,20,0.7041670000000001,0.70416665,3.500000000933312e-7,11.266667,10,0.05,Mental Health Nursing-Blenis,68546.202640
2026-07-Q1-STU-806A20088D81,STU-806A20088D81,Jul 2026,2026-07,2026-07-Q1,Quiz,1,N326 Quiz 1 Atlanta July 2026 Blenis,2787890,16.375,20,0.81875,0.81875,0,13.1,5,0.55,Mental Health Nursing-Blenis,68546.202640
2026-07-Q2-STU-0E52BB259A24,STU-0E52BB259A24,Jul 2026,2026-07,2026-07-Q2,Quiz,2,N326 Quiz 2 Atlanta July 2026 Blenis,2801337,18.438667,20,0.9219329999999999,0.92193335,-3.500000000933312e-7,13.833333,2,0.85,Mental Health Nursing-Blenis,68546.202640
2026-07-Q2-STU-70B94A1E651E,STU-70B94A1E651E,Jul 2026,2026-07,2026-07-Q2,Quiz,2,N326 Quiz 2 Atlanta July 2026 Blenis,2801337,15.736333,20,0.7868170000000001,0.78681665,3.500000000933312e-7,11.8,5,0.55,Mental Health Nursing-Blenis,68546.202640
2026-07-Q2-STU-38856CD08029,STU-38856CD08029,Jul 2026,2026-07,2026-07-Q2,Quiz,2,N326 Quiz 2 Atlanta July 2026 Blenis,2801337,19.553333,20,0.977667,0.97766665,3.499999999823089e-7,14.666667,1,0.95,Mental Health Nursing-Blenis,68546.202640
2026-07-Q2-STU-1E3D3E38E2A4,STU-1E3D3E38E2A4,Jul 2026,2026-07,2026-07-Q2,Quiz,2,N326 Quiz 2 Atlanta July 2026 Blenis,2801337,15.160333,20,0.7580169999999999,0.75801665,3.499999999823089e-7,11.366667,6,0.45,Mental Health Nursing-Blenis,68546.202640
2026-07-Q2-STU-F52677827719,STU-F52677827719,Jul 2026,2026-07,2026-07-Q2,Quiz,2,N326 Quiz 2 Atlanta July 2026 Blenis,2801337,12.396,20,0.6198,0.6198,0,9.3,8,0.25,Mental Health Nursing-Blenis,68546.202640
2026-07-Q2-STU-CBBD1F992477,STU-CBBD1F992477,Jul 2026,2026-07,2026-07-Q2,Quiz,2,N326 Quiz 2 Atlanta July 2026 Blenis,2801337,17.950667,20,0.8975329999999999,0.89753335,-3.500000000933312e-7,13.466667,3,0.75,Mental Health Nursing-Blenis,68546.202640
2026-07-Q2-STU-F24048CF72ED,STU-F24048CF72ED,Jul 2026,2026-07,2026-07-Q2,Quiz,2,N326 Quiz 2 Atlanta July 2026 Blenis,2801337,12.358333,20,0.6179169999999999,0.61791665,3.499999999823089e-7,9.266667,9,0.15,Mental Health Nursing-Blenis,68546.202640
2026-07-Q2-STU-941E7586FBE6,STU-941E7586FBE6,Jul 2026,2026-07,2026-07-Q2,Quiz,2,N326 Quiz 2 Atlanta July 2026 Blenis,2801337,13.684333,20,0.684217,0.68421665,3.499999999823089e-7,10.266667,7,0.35,Mental Health Nursing-Blenis,68546.202640
2026-07-Q2-STU-9E8EA6AE3381,STU-9E8EA6AE3381,Jul 2026,2026-07,2026-07-Q2,Quiz,2,N326 Quiz 2 Atlanta July 2026 Blenis,2801337,17.424667,20,0.871233,0.87123335,-3.499999999823089e-7,13.066667,4,0.65,Mental Health Nursing-Blenis,68546.202640
2026-07-Q2-STU-806A20088D81,STU-806A20088D81,Jul 2026,2026-07,2026-07-Q2,Quiz,2,N326 Quiz 2 Atlanta July 2026 Blenis,2801337,11.646,20,0.5822999999999999,0.5823,-1.1102230246251565e-16,8.733333,10,0.05,Mental Health Nursing-Blenis,68546.202640
2026-01-E1-STU-9020F6FE8D99,STU-9020F6FE8D99,Jan 2026,2026-01,2026-01-E1,Exam,1,W4 NR326 Exam 1,2491812,118.708333,140,0.847917,0.8479166642857142,3.357142858151363e-7,48.483333,7,0.535714,Mental Health Nursing-Blenis,16356.202610
2026-01-E1-STU-F01B19C38F0A,STU-F01B19C38F0A,Jan 2026,2026-01,2026-01-E1,Exam,1,W4 NR326 Exam 1,2491812,113.625,140,0.8116070000000001,0.8116071428571429,-1.4285714278194916e-7,46.45,11,0.25,Mental Health Nursing-Blenis,16356.202610
2026-01-E1-STU-E2559618B841,STU-E2559618B841,Jan 2026,2026-01,2026-01-E1,Exam,1,W4 NR326 Exam 1,2491812,105.625,140,0.754464,0.7544642857142857,-2.8571428567492063e-7,43.25,13,0.107143,Mental Health Nursing-Blenis,16356.202610
2026-01-E1-STU-72D0B8280C69,STU-72D0B8280C69,Jan 2026,2026-01,2026-01-E1,Exam,1,W4 NR326 Exam 1,2491812,124.041667,140,0.886012,0.8860119071428572,9.285714286377811e-8,50.616667,4,0.75,Mental Health Nursing-Blenis,16356.202610
2026-01-E1-STU-5EE137EAE9A9,STU-5EE137EAE9A9,Jan 2026,2026-01,2026-01-E1,Exam,1,W4 NR326 Exam 1,2491812,125.125,140,0.89375,0.89375,0,51.05,3,0.821429,Mental Health Nursing-Blenis,16356.202610
2026-01-E1-STU-5B8FEB7FAD51,STU-5B8FEB7FAD51,Jan 2026,2026-01,2026-01-E1,Exam,1,W4 NR326 Exam 1,2491812,110,140,0.785714,0.7857142857142857,-2.8571428567492063e-7,45,12,0.17857099999999998,Mental Health Nursing-Blenis,16356.202610
2026-01-E1-STU-72E288818447,STU-72E288818447,Jan 2026,2026-01,2026-01-E1,Exam,1,W4 NR326 Exam 1,2491812,122.791667,140,0.877083,0.8770833357142858,-3.357142858151363e-7,50.116667,5,0.678571,Mental Health Nursing-Blenis,16356.202610
2026-01-E1-STU-9A81C029357A,STU-9A81C029357A,Jan 2026,2026-01,2026-01-E1,Exam,1,W4 NR326 Exam 1,2491812,120.333333,140,0.859524,0.8595238071428571,1.9285714281114252e-7,49.133333,6,0.607143,Mental Health Nursing-Blenis,16356.202610
2026-01-E1-STU-13F2F95CB050,STU-13F2F95CB050,Jan 2026,2026-01,2026-01-E1,Exam,1,W4 NR326 Exam 1,2491812,116.75,140,0.8339289999999999,0.8339285714285715,4.285714284568698e-7,47.7,10,0.32142899999999996,Mental Health Nursing-Blenis,16356.202610
2026-01-E1-STU-A2BC11F2136F,STU-A2BC11F2136F,Jan 2026,2026-01,2026-01-E1,Exam,1,W4 NR326 Exam 1,2491812,117.833333,140,0.841667,0.8416666642857142,3.357142858151363e-7,48.133333,8,0.46428600000000003,Mental Health Nursing-Blenis,16356.202610
2026-01-E1-STU-9E5CD42D978A,STU-9E5CD42D978A,Jan 2026,2026-01,2026-01-E1,Exam,1,W4 NR326 Exam 1,2491812,131.916667,140,0.942262,0.9422619071428571,9.285714297480041e-8,53.766667,1,0.964286,Mental Health Nursing-Blenis,16356.202610
2026-01-E1-STU-C15A908DE5D5,STU-C15A908DE5D5,Jan 2026,2026-01,2026-01-E1,Exam,1,W4 NR326 Exam 1,2491812,125.416667,140,0.895833,0.8958333357142857,-3.35714285704114e-7,51.166667,2,0.892857,Mental Health Nursing-Blenis,16356.202610
2026-01-E1-STU-6173ED6DCF33,STU-6173ED6DCF33,Jan 2026,2026-01,2026-01-E1,Exam,1,W4 NR326 Exam 1,2491812,117.125,140,0.8366070000000001,0.8366071428571429,-1.4285714278194916e-7,47.85,9,0.392857,Mental Health Nursing-Blenis,16356.202610
2026-01-E1-STU-938EE4C25ADB,STU-938EE4C25ADB,Jan 2026,2026-01,2026-01-E1,Exam,1,W4 NR326 Exam 1,2491812,103.208333,140,0.737202,0.7372023785714286,-3.7857142853869874e-7,42.283333,14,0.035714,Mental Health Nursing-Blenis,16356.202610
2026-07-E1-STU-0E52BB259A24,STU-0E52BB259A24,Jul 2026,2026-07,2026-07-E1,Exam,1,W4 NR326 Exam 1,2794220,107,140,0.764286,0.7642857142857142,2.8571428578594293e-7,42.8,7,0.27777799999999997,Mental Health Nursing-Blenis,68546.202640
2026-07-E1-STU-70B94A1E651E,STU-70B94A1E651E,Jul 2026,2026-07,2026-07-E1,Exam,1,W4 NR326 Exam 1,2794220,108.833333,140,0.777381,0.77738095,5.000000002919336e-8,43.533333,6,0.388889,Mental Health Nursing-Blenis,68546.202640
2026-07-E1-STU-38856CD08029,STU-38856CD08029,Jul 2026,2026-07,2026-07-E1,Exam,1,W4 NR326 Exam 1,2794220,111.916667,140,0.799405,0.7994047642857143,2.3571428575674958e-7,44.766667,5,0.5,Mental Health Nursing-Blenis,68546.202640
2026-07-E1-STU-1E3D3E38E2A4,STU-1E3D3E38E2A4,Jul 2026,2026-07,2026-07-E1,Exam,1,W4 NR326 Exam 1,2794220,119.083333,140,0.850595,0.8505952357142856,-2.3571428564572727e-7,47.633333,3,0.722222,Mental Health Nursing-Blenis,68546.202640
2026-07-E1-STU-CBBD1F992477,STU-CBBD1F992477,Jul 2026,2026-07,2026-07-E1,Exam,1,W4 NR326 Exam 1,2794220,114.833333,140,0.8202379999999999,0.8202380928571428,-9.285714286377811e-8,45.933333,4,0.611111,Mental Health Nursing-Blenis,68546.202640
2026-07-E1-STU-F24048CF72ED,STU-F24048CF72ED,Jul 2026,2026-07,2026-07-E1,Exam,1,W4 NR326 Exam 1,2794220,90.583333,140,0.6470239999999999,0.6470238071428571,1.9285714281114252e-7,36.233333,9,0.055556,Mental Health Nursing-Blenis,68546.202640
2026-07-E1-STU-941E7586FBE6,STU-941E7586FBE6,Jul 2026,2026-07,2026-07-E1,Exam,1,W4 NR326 Exam 1,2794220,105.5,140,0.753571,0.7535714285714286,-4.285714285678921e-7,42.2,8,0.16666699999999998,Mental Health Nursing-Blenis,68546.202640
2026-07-E1-STU-9E8EA6AE3381,STU-9E8EA6AE3381,Jul 2026,2026-07,2026-07-E1,Exam,1,W4 NR326 Exam 1,2794220,120.333333,140,0.859524,0.8595238071428571,1.9285714281114252e-7,48.133333,2,0.833333,Mental Health Nursing-Blenis,68546.202640
2026-07-E1-STU-806A20088D81,STU-806A20088D81,Jul 2026,2026-07,2026-07-E1,Exam,1,W4 NR326 Exam 1,2794220,121.416667,140,0.8672620000000001,0.8672619071428572,9.285714286377811e-8,48.566667,1,0.9444440000000001,Mental Health Nursing-Blenis,68546.202640
